"EQUIPAMENTO","MANCAL","DATA","TEMPERATURA"
"GE-4100.12001B","ECU1.G2-TI-MANCD.F_CV","04/01/2021","659.03825"
"GE-4100.12001B","ECU1.G2-TI-MANCD.F_CV","05/01/2021","659.76301"
"GE-4100.12001B","ECU1.G2-TI-MANCD.F_CV","06/01/2021","649.72128"
"GE-4100.12001B","ECU1.G2-TI-MANCD.F_CV","07/01/2021","657.68837"
"GE-4100.12001B","ECU1.G2-TI-MANCD.F_CV","08/01/2021","660.11167"
"GE-4100.12001B","ECU1.G2-TI-MANCD.F_CV","09/01/2021","660.8411"
"GE-4100.12001B","ECU1.G2-TI-MANCD.F_CV","10/01/2021","663.60157"
"GE-4100.12001B","ECU1.G2-TI-MANCD.F_CV","11/01/2021","662.43724"
"GE-4100.12001B","ECU1.G2-TI-MANCD.F_CV","12/01/2021","643.97556"
"GE-4100.12001B","ECU1.G2-TI-MANCD.F_CV","13/01/2021","652.21612"
"GE-4100.12001B","ECU1.G2-TI-MANCD.F_CV","14/01/2021","656.30319"
"GE-4100.12001B","ECU1.G2-TI-MANCD.F_CV","15/01/2021","641.67944"
"GE-4100.12001B","ECU1.G2-TI-MANCD.F_CV","16/01/2021","652.27884"
"GE-4100.12001B","ECU1.G2-TI-MANCD.F_CV","17/01/2021","656.66207"
"GE-4100.12001B","ECU1.G2-TI-MANCD.F_CV","18/01/2021","654.63983"
"GE-4100.12001B","ECU1.G2-TI-MANCD.F_CV","19/01/2021","654.64226"
"GE-4100.12001B","ECU1.G2-TI-MANCD.F_CV","20/01/2021","646.69244"
"GE-4100.12001B","ECU1.G2-TI-MANCD.F_CV","21/01/2021","649.12716"
"GE-4100.12001B","ECU1.G2-TI-MANCD.F_CV","22/01/2021","649.6015"
"GE-4100.12001B","ECU1.G2-TI-MANCD.F_CV","23/01/2021","636.40625"
"GE-4100.12001B","ECU1.G2-TI-MANCD.F_CV","24/01/2021","645.62782"
"GE-4100.12001B","ECU1.G2-TI-MANCD.F_CV","25/01/2021","642.88014"
"GE-4100.12001B","ECU1.G2-TI-MANCD.F_CV","27/01/2021","634.7387"
"GE-4100.12001B","ECU1.G2-TI-MANCD.F_CV","28/01/2021","612.74617"
"GE-4100.12001B","ECU1.G2-TI-MANCD.F_CV","29/01/2021","642.96379"
"GE-4100.12001B","ECU1.G2-TI-MANCD.F_CV","30/01/2021","640.03087"
"GE-4100.12001B","ECU1.G2-TI-MANCD.F_CV","31/01/2021","642.98701"
"GE-4100.12001B","ECU1.G2-TI-MANCD.F_CV","01/02/2021","639.60327"
"GE-4100.12001B","ECU1.G2-TI-MANCD.F_CV","02/02/2021","642.70435"
"GE-4100.12001B","ECU1.G2-TI-MANCD.F_CV","03/02/2021","654.66663"
"GE-4100.12001B","ECU1.G2-TI-MANCD.F_CV","04/02/2021","653.09391"
"GE-4100.12001B","ECU1.G2-TI-MANCD.F_CV","05/02/2021","651.83968"
"GE-4100.12001B","ECU1.G2-TI-MANCD.F_CV","06/02/2021","653.54709"
"GE-4100.12001B","ECU1.G2-TI-MANCD.F_CV","07/02/2021","657.69692"
"GE-4100.12001B","ECU1.G2-TI-MANCD.F_CV","08/02/2021","655.91297"
"GE-4100.12001B","ECU1.G2-TI-MANCD.F_CV","09/02/2021","654.30667"
"GE-4100.12001B","ECU1.G2-TI-MANCD.F_CV","10/02/2021","660.34097"
"GE-4100.12001B","ECU1.G2-TI-MANCD.F_CV","11/02/2021","662.70383"
"GE-4100.12001B","ECU1.G2-TI-MANCD.F_CV","12/02/2021","657.28224"
"GE-4100.12001B","ECU1.G2-TI-MANCD.F_CV","13/02/2021","658.10797"
"GE-4100.12001B","ECU1.G2-TI-MANCD.F_CV","14/02/2021","655.70035"
"GE-4100.12001B","ECU1.G2-TI-MANCD.F_CV","15/02/2021","652.21946"
"GE-4100.12001B","ECU1.G2-TI-MANCD.F_CV","16/02/2021","650.25519"
"GE-4100.12001B","ECU1.G2-TI-MANCD.F_CV","17/02/2021","660.1785"
"GE-4100.12001B","ECU1.G2-TI-MANCD.F_CV","18/02/2021","656.42156"
"GE-4100.12001B","ECU1.G2-TI-MANCD.F_CV","19/02/2021","654.06631"
"GE-4100.12001B","ECU1.G2-TI-MANCD.F_CV","20/02/2021","652.40193"
"GE-4100.12001B","ECU1.G2-TI-MANCD.F_CV","21/02/2021","654.67934"
"GE-4100.12001B","ECU1.G2-TI-MANCD.F_CV","22/02/2021","653.3159"
"GE-4100.12001B","ECU1.G2-TI-MANCD.F_CV","23/02/2021","652.61692"
"GE-4100.12001B","ECU1.G2-TI-MANCD.F_CV","26/02/2021","663.23898"
"GE-4100.12001B","ECU1.G2-TI-MANCD.F_CV","27/02/2021","642.42852"
"GE-4100.12001B","ECU1.G2-TI-MANCD.F_CV","28/02/2021","649.64693"
"GE-4100.12001B","ECU1.G2-TI-MANCD.F_CV","01/03/2021","653.07653"
"GE-4100.12001B","ECU1.G2-TI-MANCD.F_CV","02/03/2021","648.34502"
"GE-4100.12001B","ECU1.G2-TI-MANCD.F_CV","03/03/2021","641.38559"
"GE-4100.12001B","ECU1.G2-TI-MANCD.F_CV","04/03/2021","650.71448"
"GE-4100.12001B","ECU1.G2-TI-MANCD.F_CV","05/03/2021","646.51982"
"GE-4100.12001B","ECU1.G2-TI-MANCD.F_CV","06/03/2021","645.87993"
"GE-4100.12001B","ECU1.G2-TI-MANCD.F_CV","07/03/2021","610.70558"
"GE-4100.12001B","ECU1.G2-TI-MANCD.F_CV","08/03/2021","472.38202"
"GE-4100.12001B","ECU1.G2-TI-MANCD.F_CV","09/03/2021","503.20232"
"GE-4100.12001B","ECU1.G2-TI-MANCD.F_CV","10/03/2021","634.88909"
"GE-4100.12001B","ECU1.G2-TI-MANCD.F_CV","11/03/2021","642.89185"
"GE-4100.12001B","ECU1.G2-TI-MANCD.F_CV","12/03/2021","647.22298"
"GE-4100.12001B","ECU1.G2-TI-MANCD.F_CV","13/03/2021","631.53314"
"GE-4100.12001B","ECU1.G2-TI-MANCD.F_CV","14/03/2021","641.0685"
"GE-4100.12001B","ECU1.G2-TI-MANCD.F_CV","15/03/2021","635.7955"
"GE-4100.12001B","ECU1.G2-TI-MANCD.F_CV","16/03/2021","642.71083"
"GE-4100.12001B","ECU1.G2-TI-MANCD.F_CV","17/03/2021","644.98243"
"GE-4100.12001B","ECU1.G2-TI-MANCD.F_CV","20/03/2021","643.98819"
"GE-4100.12001B","ECU1.G2-TI-MANCD.F_CV","21/03/2021","645.96224"
"GE-4100.12001B","ECU1.G2-TI-MANCD.F_CV","22/03/2021","637.51287"
"GE-4100.12001B","ECU1.G2-TI-MANCD.F_CV","23/03/2021","644.77014"
"GE-4100.12001B","ECU1.G2-TI-MANCD.F_CV","24/03/2021","649.48524"
"GE-4100.12001B","ECU1.G2-TI-MANCD.F_CV","25/03/2021","649.58884"
"GE-4100.12001B","ECU1.G2-TI-MANCD.F_CV","27/03/2021","643.90807"
"GE-4100.12001B","ECU1.G2-TI-MANCD.F_CV","28/03/2021","641.44752"
"GE-4100.12001B","ECU1.G2-TI-MANCD.F_CV","29/03/2021","642.83985"
"GE-4100.12001B","ECU1.G2-TI-MANCD.F_CV","30/03/2021","643.16755"
"GE-4100.12001B","ECU1.G2-TI-MANCD.F_CV","31/03/2021","643.54019"
"GE-4100.12001B","ECU1.G2-TI-MANCD.F_CV","01/04/2021","565.12989"
"GE-4100.12001B","ECU1.G2-TI-MANCD.F_CV","02/04/2021","636.81804"
"GE-4100.12001B","ECU1.G2-TI-MANCD.F_CV","03/04/2021","639.68065"
"GE-4100.12001B","ECU1.G2-TI-MANCD.F_CV","04/04/2021","635.94996"
"GE-4100.12001B","ECU1.G2-TI-MANCD.F_CV","05/04/2021","639.56083"
"GE-4100.12001B","ECU1.G2-TI-MANCD.F_CV","06/04/2021","634.02907"
"GE-4100.12001B","ECU1.G2-TI-MANCD.F_CV","07/04/2021","656.76871"
"GE-4100.12001B","ECU1.G2-TI-MANCD.F_CV","08/04/2021","615.98255"
"GE-4100.12001B","ECU1.G2-TI-MANCD.F_CV","09/04/2021","619.75481"
"GE-4100.12001B","ECU1.G2-TI-MANCD.F_CV","10/04/2021","613.90127"
"GE-4100.12001B","ECU1.G2-TI-MANCD.F_CV","11/04/2021","618.00181"
"GE-4100.12001B","ECU1.G2-TI-MANCD.F_CV","12/04/2021","631.42221"
"GE-4100.12001B","ECU1.G2-TI-MANCD.F_CV","13/04/2021","628.57747"
"GE-4100.12001B","ECU1.G2-TI-MANCD.F_CV","14/04/2021","632.69327"
"GE-4100.12001B","ECU1.G2-TI-MANCD.F_CV","15/04/2021","607.56632"
"GE-4100.12001B","ECU1.G2-TI-MANCD.F_CV","16/04/2021","631.6412"
"GE-4100.12001B","ECU1.G2-TI-MANCD.F_CV","17/04/2021","627.47248"
"GE-4100.12001B","ECU1.G2-TI-MANCD.F_CV","18/04/2021","639.59317"
"GE-4100.12001B","ECU1.G2-TI-MANCD.F_CV","19/04/2021","630.55247"
"GE-4100.12001B","ECU1.G2-TI-MANCD.F_CV","20/04/2021","634.72482"
"GE-4100.12001B","ECU1.G2-TI-MANCD.F_CV","21/04/2021","631.73998"
"GE-4100.12001B","ECU1.G2-TI-MANCD.F_CV","22/04/2021","647.34229"
"GE-4100.12001B","ECU1.G2-TI-MANCD.F_CV","24/04/2021","649.15948"
"GE-4100.12001B","ECU1.G2-TI-MANCD.F_CV","25/04/2021","648.08721"
"GE-4100.12001B","ECU1.G2-TI-MANCD.F_CV","26/04/2021","650.59928"
"GE-4100.12001B","ECU1.G2-TI-MANCD.F_CV","27/04/2021","642.53435"
"GE-4100.12001B","ECU1.G2-TI-MANCD.F_CV","28/04/2021","605.41818"
"GE-4100.12001B","ECU1.G2-TI-MANCD.F_CV","29/04/2021","624.55984"
"GE-4100.12001B","ECU1.G2-TI-MANCD.F_CV","30/04/2021","628.28462"
"GE-4100.12001B","ECU1.G2-TI-MANCD.F_CV","01/05/2021","628.64395"
"GE-4100.12001B","ECU1.G2-TI-MANCD.F_CV","02/05/2021","621.49605"
"GE-4100.12001B","ECU1.G2-TI-MANCD.F_CV","03/05/2021","612.47036"
"GE-4100.12001B","ECU1.G2-TI-MANCD.F_CV","04/05/2021","608.93913"
"GE-4100.12001B","ECU1.G2-TI-MANCD.F_CV","05/05/2021","618.45479"
"GE-4100.12001B","ECU1.G2-TI-MANCD.F_CV","07/05/2021","629.74208"
"GE-4100.12001B","ECU1.G2-TI-MANCD.F_CV","08/05/2021","632.1318"
"GE-4100.12001B","ECU1.G2-TI-MANCD.F_CV","09/05/2021","629.02901"
"GE-4100.12001B","ECU1.G2-TI-MANCD.F_CV","10/05/2021","629.08225"
"GE-4100.12001B","ECU1.G2-TI-MANCD.F_CV","11/05/2021","635.28353"
"GE-4100.12001B","ECU1.G2-TI-MANCD.F_CV","12/05/2021","622.3903"
"GE-4100.12001B","ECU1.G2-TI-MANCD.F_CV","13/05/2021","618.62798"
"GE-4100.12001B","ECU1.G2-TI-MANCD.F_CV","14/05/2021","626.66896"
"GE-4100.12001B","ECU1.G2-TI-MANCD.F_CV","15/05/2021","614.85659"
"GE-4100.12001B","ECU1.G2-TI-MANCD.F_CV","16/05/2021","614.62446"
"GE-4100.12001B","ECU1.G2-TI-MANCD.F_CV","17/05/2021","591.45218"
"GE-4100.12001B","ECU1.G2-TI-MANCD.F_CV","18/05/2021","618.67491"
"GE-4100.12001B","ECU1.G2-TI-MANCD.F_CV","19/05/2021","605.09547"
"GE-4100.12001B","ECU1.G2-TI-MANCD.F_CV","20/05/2021","619.35508"
"GE-4100.12001B","ECU1.G2-TI-MANCD.F_CV","21/05/2021","617.90071"
"GE-4100.12001B","ECU1.G2-TI-MANCD.F_CV","22/05/2021","617.52751"
"GE-4100.12001B","ECU1.G2-TI-MANCD.F_CV","23/05/2021","613.65959"
"GE-4100.12001B","ECU1.G2-TI-MANCD.F_CV","24/05/2021","611.49605"
"GE-4100.12001B","ECU1.G2-TI-MANCD.F_CV","25/05/2021","618.88265"
"GE-4100.12001B","ECU1.G2-TI-MANCD.F_CV","26/05/2021","629.84195"
"GE-4100.12001B","ECU1.G2-TI-MANCD.F_CV","27/05/2021","625.7108"
"GE-4100.12001B","ECU1.G2-TI-MANCD.F_CV","28/05/2021","617.54006"
"GE-4100.12001B","ECU1.G2-TI-MANCD.F_CV","29/05/2021","621.48784"
"GE-4100.12001B","ECU1.G2-TI-MANCD.F_CV","30/05/2021","628.07668"
"GE-4100.12001B","ECU1.G2-TI-MANCD.F_CV","31/05/2021","624.80781"
"GE-4100.12001B","ECU1.G2-TI-MANCD.F_CV","01/06/2021","597.2664"
"GE-4100.12001B","ECU1.G2-TI-MANCD.F_CV","02/06/2021","596.86126"
"GE-4100.12001B","ECU1.G2-TI-MANCD.F_CV","03/06/2021","611.41463"
"GE-4100.12001B","ECU1.G2-TI-MANCD.F_CV","04/06/2021","613.09875"
"GE-4100.12001B","ECU1.G2-TI-MANCD.F_CV","05/06/2021","617.55233"
"GE-4100.12001B","ECU1.G2-TI-MANCD.F_CV","06/06/2021","612.11184"
"GE-4100.12001B","ECU1.G2-TI-MANCD.F_CV","07/06/2021","606.53517"
"GE-4100.12001B","ECU1.G2-TI-MANCD.F_CV","08/06/2021","613.22115"
"GE-4100.12001B","ECU1.G2-TI-MANCD.F_CV","09/06/2021","610.05738"
"GE-4100.12001B","ECU1.G2-TI-MANCD.F_CV","10/06/2021","610.14805"
"GE-4100.12001B","ECU1.G2-TI-MANCD.F_CV","11/06/2021","604.06622"
"GE-4100.12001B","ECU1.G2-TI-MANCD.F_CV","12/06/2021","605.37974"
"GE-4100.12001B","ECU1.G2-TI-MANCD.F_CV","13/06/2021","598.43963"
"GE-4100.12001B","ECU1.G2-TI-MANCD.F_CV","14/06/2021","612.34531"
"GE-4100.12001B","ECU1.G2-TI-MANCD.F_CV","15/06/2021","603.32326"
"GE-4100.12001B","ECU1.G2-TI-MANCD.F_CV","16/06/2021","607.30675"
"GE-4100.12001B","ECU1.G2-TI-MANCD.F_CV","17/06/2021","615.56743"
"GE-4100.12001B","ECU1.G2-TI-MANCD.F_CV","18/06/2021","615.24034"
"GE-4100.12001B","ECU1.G2-TI-MANCD.F_CV","19/06/2021","617.60632"
"GE-4100.12001B","ECU1.G2-TI-MANCD.F_CV","20/06/2021","617.77742"
"GE-4100.12001B","ECU1.G2-TI-MANCD.F_CV","21/06/2021","611.24675"
"GE-4100.12001B","ECU1.G2-TI-MANCD.F_CV","22/06/2021","613.70166"
"GE-4100.12001B","ECU1.G2-TI-MANCD.F_CV","23/06/2021","620.38823"
"GE-4100.12001B","ECU1.G2-TI-MANCD.F_CV","24/06/2021","617.08155"
"GE-4100.12001B","ECU1.G2-TI-MANCD.F_CV","25/06/2021","606.23789"
"GE-4100.12001B","ECU1.G2-TI-MANCD.F_CV","26/06/2021","604.01484"
"GE-4100.12001B","ECU1.G2-TI-MANCT.F_CV","04/01/2021","662.68299"
"GE-4100.12001B","ECU1.G2-TI-MANCT.F_CV","05/01/2021","662.62955"
"GE-4100.12001B","ECU1.G2-TI-MANCT.F_CV","06/01/2021","655.55929"
"GE-4100.12001B","ECU1.G2-TI-MANCT.F_CV","07/01/2021","660.54872"
"GE-4100.12001B","ECU1.G2-TI-MANCT.F_CV","08/01/2021","663.0935"
"GE-4100.12001B","ECU1.G2-TI-MANCT.F_CV","09/01/2021","664.47018"
"GE-4100.12001B","ECU1.G2-TI-MANCT.F_CV","10/01/2021","665.64972"
"GE-4100.12001B","ECU1.G2-TI-MANCT.F_CV","11/01/2021","664.13815"
"GE-4100.12001B","ECU1.G2-TI-MANCT.F_CV","12/01/2021","651.64104"
"GE-4100.12001B","ECU1.G2-TI-MANCT.F_CV","13/01/2021","657.57846"
"GE-4100.12001B","ECU1.G2-TI-MANCT.F_CV","14/01/2021","660.48785"
"GE-4100.12001B","ECU1.G2-TI-MANCT.F_CV","15/01/2021","652.18057"
"GE-4100.12001B","ECU1.G2-TI-MANCT.F_CV","16/01/2021","657.83163"
"GE-4100.12001B","ECU1.G2-TI-MANCT.F_CV","17/01/2021","661.30693"
"GE-4100.12001B","ECU1.G2-TI-MANCT.F_CV","18/01/2021","659.61152"
"GE-4100.12001B","ECU1.G2-TI-MANCT.F_CV","19/01/2021","659.21046"
"GE-4100.12001B","ECU1.G2-TI-MANCT.F_CV","20/01/2021","653.67072"
"GE-4100.12001B","ECU1.G2-TI-MANCT.F_CV","21/01/2021","655.72657"
"GE-4100.12001B","ECU1.G2-TI-MANCT.F_CV","22/01/2021","657.73679"
"GE-4100.12001B","ECU1.G2-TI-MANCT.F_CV","23/01/2021","640.35914"
"GE-4100.12001B","ECU1.G2-TI-MANCT.F_CV","24/01/2021","653.78521"
"GE-4100.12001B","ECU1.G2-TI-MANCT.F_CV","25/01/2021","652.12879"
"GE-4100.12001B","ECU1.G2-TI-MANCT.F_CV","27/01/2021","645.57154"
"GE-4100.12001B","ECU1.G2-TI-MANCT.F_CV","28/01/2021","629.98685"
"GE-4100.12001B","ECU1.G2-TI-MANCT.F_CV","29/01/2021","655.41276"
"GE-4100.12001B","ECU1.G2-TI-MANCT.F_CV","30/01/2021","655.64356"
"GE-4100.12001B","ECU1.G2-TI-MANCT.F_CV","31/01/2021","655.39685"
"GE-4100.12001B","ECU1.G2-TI-MANCT.F_CV","01/02/2021","652.44147"
"GE-4100.12001B","ECU1.G2-TI-MANCT.F_CV","02/02/2021","651.92742"
"GE-4100.12001B","ECU1.G2-TI-MANCT.F_CV","03/02/2021","662.58176"
"GE-4100.12001B","ECU1.G2-TI-MANCT.F_CV","04/02/2021","660.90203"
"GE-4100.12001B","ECU1.G2-TI-MANCT.F_CV","05/02/2021","661.19722"
"GE-4100.12001B","ECU1.G2-TI-MANCT.F_CV","06/02/2021","661.81483"
"GE-4100.12001B","ECU1.G2-TI-MANCT.F_CV","07/02/2021","664.29536"
"GE-4100.12001B","ECU1.G2-TI-MANCT.F_CV","08/02/2021","662.37909"
"GE-4100.12001B","ECU1.G2-TI-MANCT.F_CV","09/02/2021","659.97901"
"GE-4100.12001B","ECU1.G2-TI-MANCT.F_CV","10/02/2021","663.3912"
"GE-4100.12001B","ECU1.G2-TI-MANCT.F_CV","11/02/2021","664.21597"
"GE-4100.12001B","ECU1.G2-TI-MANCT.F_CV","12/02/2021","661.8495"
"GE-4100.12001B","ECU1.G2-TI-MANCT.F_CV","13/02/2021","663.70609"
"GE-4100.12001B","ECU1.G2-TI-MANCT.F_CV","14/02/2021","660.89802"
"GE-4100.12001B","ECU1.G2-TI-MANCT.F_CV","15/02/2021","658.87221"
"GE-4100.12001B","ECU1.G2-TI-MANCT.F_CV","16/02/2021","659.31076"
"GE-4100.12001B","ECU1.G2-TI-MANCT.F_CV","17/02/2021","667.48168"
"GE-4100.12001B","ECU1.G2-TI-MANCT.F_CV","18/02/2021","664.04984"
"GE-4100.12001B","ECU1.G2-TI-MANCT.F_CV","19/02/2021","665.32104"
"GE-4100.12001B","ECU1.G2-TI-MANCT.F_CV","20/02/2021","662.87912"
"GE-4100.12001B","ECU1.G2-TI-MANCT.F_CV","21/02/2021","663.62534"
"GE-4100.12001B","ECU1.G2-TI-MANCT.F_CV","22/02/2021","662.57181"
"GE-4100.12001B","ECU1.G2-TI-MANCT.F_CV","23/02/2021","661.68634"
"GE-4100.12001B","ECU1.G2-TI-MANCT.F_CV","26/02/2021","667.24077"
"GE-4100.12001B","ECU1.G2-TI-MANCT.F_CV","27/02/2021","655.90585"
"GE-4100.12001B","ECU1.G2-TI-MANCT.F_CV","28/02/2021","658.70556"
"GE-4100.12001B","ECU1.G2-TI-MANCT.F_CV","01/03/2021","661.96269"
"GE-4100.12001B","ECU1.G2-TI-MANCT.F_CV","02/03/2021","659.02055"
"GE-4100.12001B","ECU1.G2-TI-MANCT.F_CV","03/03/2021","654.64808"
"GE-4100.12001B","ECU1.G2-TI-MANCT.F_CV","04/03/2021","659.45239"
"GE-4100.12001B","ECU1.G2-TI-MANCT.F_CV","05/03/2021","659.624"
"GE-4100.12001B","ECU1.G2-TI-MANCT.F_CV","06/03/2021","660.18471"
"GE-4100.12001B","ECU1.G2-TI-MANCT.F_CV","07/03/2021","632.58477"
"GE-4100.12001B","ECU1.G2-TI-MANCT.F_CV","08/03/2021","499.24745"
"GE-4100.12001B","ECU1.G2-TI-MANCT.F_CV","09/03/2021","553.30046"
"GE-4100.12001B","ECU1.G2-TI-MANCT.F_CV","10/03/2021","656.68328"
"GE-4100.12001B","ECU1.G2-TI-MANCT.F_CV","11/03/2021","664.01161"
"GE-4100.12001B","ECU1.G2-TI-MANCT.F_CV","12/03/2021","666.92877"
"GE-4100.12001B","ECU1.G2-TI-MANCT.F_CV","13/03/2021","655.23061"
"GE-4100.12001B","ECU1.G2-TI-MANCT.F_CV","14/03/2021","662.75772"
"GE-4100.12001B","ECU1.G2-TI-MANCT.F_CV","15/03/2021","657.01149"
"GE-4100.12001B","ECU1.G2-TI-MANCT.F_CV","16/03/2021","663.44797"
"GE-4100.12001B","ECU1.G2-TI-MANCT.F_CV","17/03/2021","662.19118"
"GE-4100.12001B","ECU1.G2-TI-MANCT.F_CV","20/03/2021","662.98243"
"GE-4100.12001B","ECU1.G2-TI-MANCT.F_CV","21/03/2021","663.88236"
"GE-4100.12001B","ECU1.G2-TI-MANCT.F_CV","22/03/2021","658.12271"
"GE-4100.12001B","ECU1.G2-TI-MANCT.F_CV","23/03/2021","663.15644"
"GE-4100.12001B","ECU1.G2-TI-MANCT.F_CV","24/03/2021","666.00581"
"GE-4100.12001B","ECU1.G2-TI-MANCT.F_CV","25/03/2021","666.24414"
"GE-4100.12001B","ECU1.G2-TI-MANCT.F_CV","27/03/2021","664.09876"
"GE-4100.12001B","ECU1.G2-TI-MANCT.F_CV","28/03/2021","663.02594"
"GE-4100.12001B","ECU1.G2-TI-MANCT.F_CV","29/03/2021","663.1235"
"GE-4100.12001B","ECU1.G2-TI-MANCT.F_CV","30/03/2021","663.34384"
"GE-4100.12001B","ECU1.G2-TI-MANCT.F_CV","31/03/2021","666.76795"
"GE-4100.12001B","ECU1.G2-TI-MANCT.F_CV","01/04/2021","612.99987"
"GE-4100.12001B","ECU1.G2-TI-MANCT.F_CV","02/04/2021","679.09705"
"GE-4100.12001B","ECU1.G2-TI-MANCT.F_CV","03/04/2021","681.70501"
"GE-4100.12001B","ECU1.G2-TI-MANCT.F_CV","04/04/2021","679.13632"
"GE-4100.12001B","ECU1.G2-TI-MANCT.F_CV","05/04/2021","681.88132"
"GE-4100.12001B","ECU1.G2-TI-MANCT.F_CV","06/04/2021","678.22131"
"GE-4100.12001B","ECU1.G2-TI-MANCT.F_CV","07/04/2021","694.91827"
"GE-4100.12001B","ECU1.G2-TI-MANCT.F_CV","08/04/2021","665.0278"
"GE-4100.12001B","ECU1.G2-TI-MANCT.F_CV","09/04/2021","667.96706"
"GE-4100.12001B","ECU1.G2-TI-MANCT.F_CV","10/04/2021","662.47562"
"GE-4100.12001B","ECU1.G2-TI-MANCT.F_CV","11/04/2021","665.16351"
"GE-4100.12001B","ECU1.G2-TI-MANCT.F_CV","12/04/2021","675.12854"
"GE-4100.12001B","ECU1.G2-TI-MANCT.F_CV","13/04/2021","674.60753"
"GE-4100.12001B","ECU1.G2-TI-MANCT.F_CV","14/04/2021","677.71004"
"GE-4100.12001B","ECU1.G2-TI-MANCT.F_CV","15/04/2021","655.77005"
"GE-4100.12001B","ECU1.G2-TI-MANCT.F_CV","16/04/2021","651.49695"
"GE-4100.12001B","ECU1.G2-TI-MANCT.F_CV","17/04/2021","650.00169"
"GE-4100.12001B","ECU1.G2-TI-MANCT.F_CV","18/04/2021","659.14743"
"GE-4100.12001B","ECU1.G2-TI-MANCT.F_CV","19/04/2021","652.03028"
"GE-4100.12001B","ECU1.G2-TI-MANCT.F_CV","20/04/2021","655.38883"
"GE-4100.12001B","ECU1.G2-TI-MANCT.F_CV","21/04/2021","651.18874"
"GE-4100.12001B","ECU1.G2-TI-MANCT.F_CV","22/04/2021","661.08849"
"GE-4100.12001B","ECU1.G2-TI-MANCT.F_CV","24/04/2021","660.51085"
"GE-4100.12001B","ECU1.G2-TI-MANCT.F_CV","25/04/2021","661.50973"
"GE-4100.12001B","ECU1.G2-TI-MANCT.F_CV","26/04/2021","662.50554"
"GE-4100.12001B","ECU1.G2-TI-MANCT.F_CV","27/04/2021","657.09138"
"GE-4100.12001B","ECU1.G2-TI-MANCT.F_CV","28/04/2021","631.17967"
"GE-4100.12001B","ECU1.G2-TI-MANCT.F_CV","29/04/2021","648.40322"
"GE-4100.12001B","ECU1.G2-TI-MANCT.F_CV","30/04/2021","649.51368"
"GE-4100.12001B","ECU1.G2-TI-MANCT.F_CV","01/05/2021","650.55977"
"GE-4100.12001B","ECU1.G2-TI-MANCT.F_CV","02/05/2021","647.42633"
"GE-4100.12001B","ECU1.G2-TI-MANCT.F_CV","03/05/2021","642.33495"
"GE-4100.12001B","ECU1.G2-TI-MANCT.F_CV","04/05/2021","639.55175"
"GE-4100.12001B","ECU1.G2-TI-MANCT.F_CV","05/05/2021","646.43477"
"GE-4100.12001B","ECU1.G2-TI-MANCT.F_CV","07/05/2021","656.62722"
"GE-4100.12001B","ECU1.G2-TI-MANCT.F_CV","08/05/2021","656.52425"
"GE-4100.12001B","ECU1.G2-TI-MANCT.F_CV","09/05/2021","652.52094"
"GE-4100.12001B","ECU1.G2-TI-MANCT.F_CV","10/05/2021","651.15895"
"GE-4100.12001B","ECU1.G2-TI-MANCT.F_CV","11/05/2021","656.62898"
"GE-4100.12001B","ECU1.G2-TI-MANCT.F_CV","12/05/2021","648.41455"
"GE-4100.12001B","ECU1.G2-TI-MANCT.F_CV","13/05/2021","645.80964"
"GE-4100.12001B","ECU1.G2-TI-MANCT.F_CV","14/05/2021","652.51012"
"GE-4100.12001B","ECU1.G2-TI-MANCT.F_CV","15/05/2021","645.2295"
"GE-4100.12001B","ECU1.G2-TI-MANCT.F_CV","16/05/2021","644.44771"
"GE-4100.12001B","ECU1.G2-TI-MANCT.F_CV","17/05/2021","623.81861"
"GE-4100.12001B","ECU1.G2-TI-MANCT.F_CV","18/05/2021","646.94646"
"GE-4100.12001B","ECU1.G2-TI-MANCT.F_CV","19/05/2021","639.61862"
"GE-4100.12001B","ECU1.G2-TI-MANCT.F_CV","20/05/2021","651.57397"
"GE-4100.12001B","ECU1.G2-TI-MANCT.F_CV","21/05/2021","651.23773"
"GE-4100.12001B","ECU1.G2-TI-MANCT.F_CV","22/05/2021","651.22193"
"GE-4100.12001B","ECU1.G2-TI-MANCT.F_CV","23/05/2021","648.96845"
"GE-4100.12001B","ECU1.G2-TI-MANCT.F_CV","24/05/2021","646.89078"
"GE-4100.12001B","ECU1.G2-TI-MANCT.F_CV","25/05/2021","652.08763"
"GE-4100.12001B","ECU1.G2-TI-MANCT.F_CV","26/05/2021","659.88564"
"GE-4100.12001B","ECU1.G2-TI-MANCT.F_CV","27/05/2021","657.60818"
"GE-4100.12001B","ECU1.G2-TI-MANCT.F_CV","28/05/2021","649.66032"
"GE-4100.12001B","ECU1.G2-TI-MANCT.F_CV","29/05/2021","653.76227"
"GE-4100.12001B","ECU1.G2-TI-MANCT.F_CV","30/05/2021","658.63225"
"GE-4100.12001B","ECU1.G2-TI-MANCT.F_CV","31/05/2021","656.05313"
"GE-4100.12001B","ECU1.G2-TI-MANCT.F_CV","01/06/2021","633.35967"
"GE-4100.12001B","ECU1.G2-TI-MANCT.F_CV","02/06/2021","638.44096"
"GE-4100.12001B","ECU1.G2-TI-MANCT.F_CV","03/06/2021","649.22539"
"GE-4100.12001B","ECU1.G2-TI-MANCT.F_CV","04/06/2021","649.34163"
"GE-4100.12001B","ECU1.G2-TI-MANCT.F_CV","05/06/2021","652.62622"
"GE-4100.12001B","ECU1.G2-TI-MANCT.F_CV","06/06/2021","649.27387"
"GE-4100.12001B","ECU1.G2-TI-MANCT.F_CV","07/06/2021","644.33454"
"GE-4100.12001B","ECU1.G2-TI-MANCT.F_CV","08/06/2021","648.52184"
"GE-4100.12001B","ECU1.G2-TI-MANCT.F_CV","09/06/2021","646.28972"
"GE-4100.12001B","ECU1.G2-TI-MANCT.F_CV","10/06/2021","647.03695"
"GE-4100.12001B","ECU1.G2-TI-MANCT.F_CV","11/06/2021","642.67952"
"GE-4100.12001B","ECU1.G2-TI-MANCT.F_CV","12/06/2021","643.88233"
"GE-4100.12001B","ECU1.G2-TI-MANCT.F_CV","13/06/2021","639.12978"
"GE-4100.12001B","ECU1.G2-TI-MANCT.F_CV","14/06/2021","647.06567"
"GE-4100.12001B","ECU1.G2-TI-MANCT.F_CV","15/06/2021","642.21957"
"GE-4100.12001B","ECU1.G2-TI-MANCT.F_CV","16/06/2021","644.20505"
"GE-4100.12001B","ECU1.G2-TI-MANCT.F_CV","17/06/2021","645.3619"
"GE-4100.12001B","ECU1.G2-TI-MANCT.F_CV","18/06/2021","649.66029"
"GE-4100.12001B","ECU1.G2-TI-MANCT.F_CV","19/06/2021","651.62793"
"GE-4100.12001B","ECU1.G2-TI-MANCT.F_CV","20/06/2021","651.56693"
"GE-4100.12001B","ECU1.G2-TI-MANCT.F_CV","21/06/2021","646.70867"
"GE-4100.12001B","ECU1.G2-TI-MANCT.F_CV","22/06/2021","648.23798"
"GE-4100.12001B","ECU1.G2-TI-MANCT.F_CV","23/06/2021","651.49991"
"GE-4100.12001B","ECU1.G2-TI-MANCT.F_CV","24/06/2021","649.14687"
"GE-4100.12001B","ECU1.G2-TI-MANCT.F_CV","25/06/2021","643.39479"
"GE-4100.12001B","ECU1.G2-TI-MANCT.F_CV","26/06/2021","640.80724"
"GE-4100.12001B","ECU1.G2-TI-MANC1.F_CV","04/01/2021","88.46892"
"GE-4100.12001B","ECU1.G2-TI-MANC1.F_CV","05/01/2021","88.70467"
"GE-4100.12001B","ECU1.G2-TI-MANC1.F_CV","06/01/2021","89.00348"
"GE-4100.12001B","ECU1.G2-TI-MANC1.F_CV","07/01/2021","89.26297"
"GE-4100.12001B","ECU1.G2-TI-MANC1.F_CV","08/01/2021","89.27669"
"GE-4100.12001B","ECU1.G2-TI-MANC1.F_CV","09/01/2021","88.64111"
"GE-4100.12001B","ECU1.G2-TI-MANC1.F_CV","10/01/2021","88.61556"
"GE-4100.12001B","ECU1.G2-TI-MANC1.F_CV","11/01/2021","88.61114"
"GE-4100.12001B","ECU1.G2-TI-MANC1.F_CV","12/01/2021","88.68781"
"GE-4100.12001B","ECU1.G2-TI-MANC1.F_CV","13/01/2021","88.53509"
"GE-4100.12001B","ECU1.G2-TI-MANC1.F_CV","14/01/2021","88.40948"
"GE-4100.12001B","ECU1.G2-TI-MANC1.F_CV","15/01/2021","88.83468"
"GE-4100.12001B","ECU1.G2-TI-MANC1.F_CV","16/01/2021","88.47735"
"GE-4100.12001B","ECU1.G2-TI-MANC1.F_CV","17/01/2021","88.23345"
"GE-4100.12001B","ECU1.G2-TI-MANC1.F_CV","18/01/2021","88.37844"
"GE-4100.12001B","ECU1.G2-TI-MANC1.F_CV","19/01/2021","88.26974"
"GE-4100.12001B","ECU1.G2-TI-MANC1.F_CV","20/01/2021","88.31978"
"GE-4100.12001B","ECU1.G2-TI-MANC1.F_CV","21/01/2021","88.35453"
"GE-4100.12001B","ECU1.G2-TI-MANC1.F_CV","22/01/2021","88.71853"
"GE-4100.12001B","ECU1.G2-TI-MANC1.F_CV","23/01/2021","87.93804"
"GE-4100.12001B","ECU1.G2-TI-MANC1.F_CV","24/01/2021","87.99914"
"GE-4100.12001B","ECU1.G2-TI-MANC1.F_CV","25/01/2021","88.17682"
"GE-4100.12001B","ECU1.G2-TI-MANC1.F_CV","27/01/2021","88"
"GE-4100.12001B","ECU1.G2-TI-MANC1.F_CV","28/01/2021","87.37123"
"GE-4100.12001B","ECU1.G2-TI-MANC1.F_CV","29/01/2021","88.77438"
"GE-4100.12001B","ECU1.G2-TI-MANC1.F_CV","30/01/2021","89"
"GE-4100.12001B","ECU1.G2-TI-MANC1.F_CV","31/01/2021","88.76766"
"GE-4100.12001B","ECU1.G2-TI-MANC1.F_CV","01/02/2021","89"
"GE-4100.12001B","ECU1.G2-TI-MANC1.F_CV","02/02/2021","89.35218"
"GE-4100.12001B","ECU1.G2-TI-MANC1.F_CV","03/02/2021","89.91121"
"GE-4100.12001B","ECU1.G2-TI-MANC1.F_CV","04/02/2021","90"
"GE-4100.12001B","ECU1.G2-TI-MANC1.F_CV","05/02/2021","89.73171"
"GE-4100.12001B","ECU1.G2-TI-MANC1.F_CV","06/02/2021","88.99652"
"GE-4100.12001B","ECU1.G2-TI-MANC1.F_CV","07/02/2021","89.23571"
"GE-4100.12001B","ECU1.G2-TI-MANC1.F_CV","08/02/2021","89.97645"
"GE-4100.12001B","ECU1.G2-TI-MANC1.F_CV","09/02/2021","90"
"GE-4100.12001B","ECU1.G2-TI-MANC1.F_CV","10/02/2021","89.99301"
"GE-4100.12001B","ECU1.G2-TI-MANC1.F_CV","11/02/2021","89.97561"
"GE-4100.12001B","ECU1.G2-TI-MANC1.F_CV","12/02/2021","89.64461"
"GE-4100.12001B","ECU1.G2-TI-MANC1.F_CV","13/02/2021","89.19336"
"GE-4100.12001B","ECU1.G2-TI-MANC1.F_CV","14/02/2021","89.78921"
"GE-4100.12001B","ECU1.G2-TI-MANC1.F_CV","15/02/2021","89.90765"
"GE-4100.12001B","ECU1.G2-TI-MANC1.F_CV","16/02/2021","89.97909"
"GE-4100.12001B","ECU1.G2-TI-MANC1.F_CV","17/02/2021","89.98785"
"GE-4100.12001B","ECU1.G2-TI-MANC1.F_CV","18/02/2021","90.14395"
"GE-4100.12001B","ECU1.G2-TI-MANC1.F_CV","19/02/2021","90.09268"
"GE-4100.12001B","ECU1.G2-TI-MANC1.F_CV","20/02/2021","89.97738"
"GE-4100.12001B","ECU1.G2-TI-MANC1.F_CV","21/02/2021","89.97915"
"GE-4100.12001B","ECU1.G2-TI-MANC1.F_CV","22/02/2021","90.0593"
"GE-4100.12001B","ECU1.G2-TI-MANC1.F_CV","23/02/2021","89.86604"
"GE-4100.12001B","ECU1.G2-TI-MANC1.F_CV","26/02/2021","90.46634"
"GE-4100.12001B","ECU1.G2-TI-MANC1.F_CV","27/02/2021","90"
"GE-4100.12001B","ECU1.G2-TI-MANC1.F_CV","28/02/2021","90.52033"
"GE-4100.12001B","ECU1.G2-TI-MANC1.F_CV","01/03/2021","90.99997"
"GE-4100.12001B","ECU1.G2-TI-MANC1.F_CV","02/03/2021","90.46281"
"GE-4100.12001B","ECU1.G2-TI-MANC1.F_CV","03/03/2021","90.11499"
"GE-4100.12001B","ECU1.G2-TI-MANC1.F_CV","04/03/2021","90.0511"
"GE-4100.12001B","ECU1.G2-TI-MANC1.F_CV","05/03/2021","89.85846"
"GE-4100.12001B","ECU1.G2-TI-MANC1.F_CV","06/03/2021","89.82262"
"GE-4100.12001B","ECU1.G2-TI-MANC1.F_CV","07/03/2021","89.52051"
"GE-4100.12001B","ECU1.G2-TI-MANC1.F_CV","08/03/2021","74.31824"
"GE-4100.12001B","ECU1.G2-TI-MANC1.F_CV","09/03/2021","77.70854"
"GE-4100.12001B","ECU1.G2-TI-MANC1.F_CV","10/03/2021","88.96415"
"GE-4100.12001B","ECU1.G2-TI-MANC1.F_CV","11/03/2021","89.17308"
"GE-4100.12001B","ECU1.G2-TI-MANC1.F_CV","12/03/2021","89.29908"
"GE-4100.12001B","ECU1.G2-TI-MANC1.F_CV","13/03/2021","89.19866"
"GE-4100.12001B","ECU1.G2-TI-MANC1.F_CV","14/03/2021","89.41172"
"GE-4100.12001B","ECU1.G2-TI-MANC1.F_CV","15/03/2021","89.60599"
"GE-4100.12001B","ECU1.G2-TI-MANC1.F_CV","16/03/2021","89.7466"
"GE-4100.12001B","ECU1.G2-TI-MANC1.F_CV","17/03/2021","89.91273"
"GE-4100.12001B","ECU1.G2-TI-MANC1.F_CV","20/03/2021","89.98983"
"GE-4100.12001B","ECU1.G2-TI-MANC1.F_CV","21/03/2021","89.99827"
"GE-4100.12001B","ECU1.G2-TI-MANC1.F_CV","22/03/2021","90"
"GE-4100.12001B","ECU1.G2-TI-MANC1.F_CV","23/03/2021","89.8781"
"GE-4100.12001B","ECU1.G2-TI-MANC1.F_CV","24/03/2021","89.78562"
"GE-4100.12001B","ECU1.G2-TI-MANC1.F_CV","25/03/2021","89.50583"
"GE-4100.12001B","ECU1.G2-TI-MANC1.F_CV","27/03/2021","90.06995"
"GE-4100.12001B","ECU1.G2-TI-MANC1.F_CV","28/03/2021","90.03832"
"GE-4100.12001B","ECU1.G2-TI-MANC1.F_CV","29/03/2021","89.6813"
"GE-4100.12001B","ECU1.G2-TI-MANC1.F_CV","30/03/2021","89.25961"
"GE-4100.12001B","ECU1.G2-TI-MANC1.F_CV","31/03/2021","89.49241"
"GE-4100.12001B","ECU1.G2-TI-MANC1.F_CV","01/04/2021","83.08104"
"GE-4100.12001B","ECU1.G2-TI-MANC1.F_CV","02/04/2021","88.2648"
"GE-4100.12001B","ECU1.G2-TI-MANC1.F_CV","03/04/2021","88.4039"
"GE-4100.12001B","ECU1.G2-TI-MANC1.F_CV","04/04/2021","89.14724"
"GE-4100.12001B","ECU1.G2-TI-MANC1.F_CV","05/04/2021","89.34552"
"GE-4100.12001B","ECU1.G2-TI-MANC1.F_CV","06/04/2021","89.51104"
"GE-4100.12001B","ECU1.G2-TI-MANC1.F_CV","07/04/2021","89.49713"
"GE-4100.12001B","ECU1.G2-TI-MANC1.F_CV","08/04/2021","89.99827"
"GE-4100.12001B","ECU1.G2-TI-MANC1.F_CV","09/04/2021","89.59928"
"GE-4100.12001B","ECU1.G2-TI-MANC1.F_CV","10/04/2021","89.28923"
"GE-4100.12001B","ECU1.G2-TI-MANC1.F_CV","11/04/2021","89.9036"
"GE-4100.12001B","ECU1.G2-TI-MANC1.F_CV","12/04/2021","90"
"GE-4100.12001B","ECU1.G2-TI-MANC1.F_CV","13/04/2021","89.96521"
"GE-4100.12001B","ECU1.G2-TI-MANC1.F_CV","14/04/2021","90.03136"
"GE-4100.12001B","ECU1.G2-TI-MANC1.F_CV","15/04/2021","89.60621"
"GE-4100.12001B","ECU1.G2-TI-MANC1.F_CV","16/04/2021","88.54878"
"GE-4100.12001B","ECU1.G2-TI-MANC1.F_CV","17/04/2021","88.16412"
"GE-4100.12001B","ECU1.G2-TI-MANC1.F_CV","18/04/2021","88.48088"
"GE-4100.12001B","ECU1.G2-TI-MANC1.F_CV","19/04/2021","88.78602"
"GE-4100.12001B","ECU1.G2-TI-MANC1.F_CV","20/04/2021","88.9094"
"GE-4100.12001B","ECU1.G2-TI-MANC1.F_CV","21/04/2021","89"
"GE-4100.12001B","ECU1.G2-TI-MANC1.F_CV","22/04/2021","88.98137"
"GE-4100.12001B","ECU1.G2-TI-MANC1.F_CV","24/04/2021","88.1383"
"GE-4100.12001B","ECU1.G2-TI-MANC1.F_CV","25/04/2021","88.87981"
"GE-4100.12001B","ECU1.G2-TI-MANC1.F_CV","26/04/2021","89.08357"
"GE-4100.12001B","ECU1.G2-TI-MANC1.F_CV","27/04/2021","89.23682"
"GE-4100.12001B","ECU1.G2-TI-MANC1.F_CV","28/04/2021","87.5344"
"GE-4100.12001B","ECU1.G2-TI-MANC1.F_CV","29/04/2021","89.45463"
"GE-4100.12001B","ECU1.G2-TI-MANC1.F_CV","30/04/2021","89.58504"
"GE-4100.12001B","ECU1.G2-TI-MANC1.F_CV","01/05/2021","89.36821"
"GE-4100.12001B","ECU1.G2-TI-MANC1.F_CV","02/05/2021","89.88975"
"GE-4100.12001B","ECU1.G2-TI-MANC1.F_CV","03/05/2021","90"
"GE-4100.12001B","ECU1.G2-TI-MANC1.F_CV","04/05/2021","90"
"GE-4100.12001B","ECU1.G2-TI-MANC1.F_CV","05/05/2021","90.01914"
"GE-4100.12001B","ECU1.G2-TI-MANC1.F_CV","07/05/2021","89.28144"
"GE-4100.12001B","ECU1.G2-TI-MANC1.F_CV","08/05/2021","88.74153"
"GE-4100.12001B","ECU1.G2-TI-MANC1.F_CV","09/05/2021","88.96514"
"GE-4100.12001B","ECU1.G2-TI-MANC1.F_CV","10/05/2021","89.25439"
"GE-4100.12001B","ECU1.G2-TI-MANC1.F_CV","11/05/2021","89.60967"
"GE-4100.12001B","ECU1.G2-TI-MANC1.F_CV","12/05/2021","90"
"GE-4100.12001B","ECU1.G2-TI-MANC1.F_CV","13/05/2021","89.60171"
"GE-4100.12001B","ECU1.G2-TI-MANC1.F_CV","14/05/2021","89.07607"
"GE-4100.12001B","ECU1.G2-TI-MANC1.F_CV","15/05/2021","89.99303"
"GE-4100.12001B","ECU1.G2-TI-MANC1.F_CV","16/05/2021","90.43269"
"GE-4100.12001B","ECU1.G2-TI-MANC1.F_CV","17/05/2021","88.13982"
"GE-4100.12001B","ECU1.G2-TI-MANC1.F_CV","18/05/2021","86.44088"
"GE-4100.12001B","ECU1.G2-TI-MANC1.F_CV","19/05/2021","87.61097"
"GE-4100.12001B","ECU1.G2-TI-MANC1.F_CV","20/05/2021","87.92133"
"GE-4100.12001B","ECU1.G2-TI-MANC1.F_CV","21/05/2021","88"
"GE-4100.12001B","ECU1.G2-TI-MANC1.F_CV","22/05/2021","88.07089"
"GE-4100.12001B","ECU1.G2-TI-MANC1.F_CV","23/05/2021","88.52476"
"GE-4100.12001B","ECU1.G2-TI-MANC1.F_CV","24/05/2021","89.06969"
"GE-4100.12001B","ECU1.G2-TI-MANC1.F_CV","25/05/2021","89.51231"
"GE-4100.12001B","ECU1.G2-TI-MANC1.F_CV","26/05/2021","89.9626"
"GE-4100.12001B","ECU1.G2-TI-MANC1.F_CV","27/05/2021","89.38065"
"GE-4100.12001B","ECU1.G2-TI-MANC1.F_CV","28/05/2021","88.55943"
"GE-4100.12001B","ECU1.G2-TI-MANC1.F_CV","29/05/2021","89.25614"
"GE-4100.12001B","ECU1.G2-TI-MANC1.F_CV","30/05/2021","89.50237"
"GE-4100.12001B","ECU1.G2-TI-MANC1.F_CV","31/05/2021","89.78563"
"GE-4100.12001B","ECU1.G2-TI-MANC1.F_CV","01/06/2021","88.85597"
"GE-4100.12001B","ECU1.G2-TI-MANC1.F_CV","02/06/2021","88.98606"
"GE-4100.12001B","ECU1.G2-TI-MANC1.F_CV","03/06/2021","88.58973"
"GE-4100.12001B","ECU1.G2-TI-MANC1.F_CV","04/06/2021","88.08355"
"GE-4100.12001B","ECU1.G2-TI-MANC1.F_CV","05/06/2021","88.09752"
"GE-4100.12001B","ECU1.G2-TI-MANC1.F_CV","06/06/2021","88.31501"
"GE-4100.12001B","ECU1.G2-TI-MANC1.F_CV","07/06/2021","88.99416"
"GE-4100.12001B","ECU1.G2-TI-MANC1.F_CV","08/06/2021","89.16204"
"GE-4100.12001B","ECU1.G2-TI-MANC1.F_CV","09/06/2021","89.55598"
"GE-4100.12001B","ECU1.G2-TI-MANC1.F_CV","10/06/2021","89.28659"
"GE-4100.12001B","ECU1.G2-TI-MANC1.F_CV","11/06/2021","88.63177"
"GE-4100.12001B","ECU1.G2-TI-MANC1.F_CV","12/06/2021","88.99826"
"GE-4100.12001B","ECU1.G2-TI-MANC1.F_CV","13/06/2021","89.39476"
"GE-4100.12001B","ECU1.G2-TI-MANC1.F_CV","14/06/2021","89.82262"
"GE-4100.12001B","ECU1.G2-TI-MANC1.F_CV","15/06/2021","89.9965"
"GE-4100.12001B","ECU1.G2-TI-MANC1.F_CV","16/06/2021","89.82898"
"GE-4100.12001B","ECU1.G2-TI-MANC1.F_CV","17/06/2021","89.91529"
"GE-4100.12001B","ECU1.G2-TI-MANC1.F_CV","18/06/2021","89.54876"
"GE-4100.12001B","ECU1.G2-TI-MANC1.F_CV","19/06/2021","89.0337"
"GE-4100.12001B","ECU1.G2-TI-MANC1.F_CV","20/06/2021","89.24917"
"GE-4100.12001B","ECU1.G2-TI-MANC1.F_CV","21/06/2021","89.56083"
"GE-4100.12001B","ECU1.G2-TI-MANC1.F_CV","22/06/2021","89.72006"
"GE-4100.12001B","ECU1.G2-TI-MANC1.F_CV","23/06/2021","89.20615"
"GE-4100.12001B","ECU1.G2-TI-MANC1.F_CV","24/06/2021","88.19512"
"GE-4100.12001B","ECU1.G2-TI-MANC1.F_CV","25/06/2021","88.3711"
"GE-4100.12001B","ECU1.G2-TI-MANC1.F_CV","26/06/2021","88.54088"
"GE-4100.12001B","ECU1.G2-TI-MANC2.F_CV","04/01/2021","91.9442"
"GE-4100.12001B","ECU1.G2-TI-MANC2.F_CV","05/01/2021","91.96166"
"GE-4100.12001B","ECU1.G2-TI-MANC2.F_CV","06/01/2021","92.14894"
"GE-4100.12001B","ECU1.G2-TI-MANC2.F_CV","07/01/2021","92.11932"
"GE-4100.12001B","ECU1.G2-TI-MANC2.F_CV","08/01/2021","92.04639"
"GE-4100.12001B","ECU1.G2-TI-MANC2.F_CV","09/01/2021","91.81356"
"GE-4100.12001B","ECU1.G2-TI-MANC2.F_CV","10/01/2021","91.84151"
"GE-4100.12001B","ECU1.G2-TI-MANC2.F_CV","11/01/2021","91.92299"
"GE-4100.12001B","ECU1.G2-TI-MANC2.F_CV","12/01/2021","92.02436"
"GE-4100.12001B","ECU1.G2-TI-MANC2.F_CV","13/01/2021","92.00347"
"GE-4100.12001B","ECU1.G2-TI-MANC2.F_CV","14/01/2021","91.95819"
"GE-4100.12001B","ECU1.G2-TI-MANC2.F_CV","15/01/2021","91.90708"
"GE-4100.12001B","ECU1.G2-TI-MANC2.F_CV","16/01/2021","91.56505"
"GE-4100.12001B","ECU1.G2-TI-MANC2.F_CV","17/01/2021","91.264"
"GE-4100.12001B","ECU1.G2-TI-MANC2.F_CV","18/01/2021","91.54023"
"GE-4100.12001B","ECU1.G2-TI-MANC2.F_CV","19/01/2021","91.80652"
"GE-4100.12001B","ECU1.G2-TI-MANC2.F_CV","20/01/2021","92.01046"
"GE-4100.12001B","ECU1.G2-TI-MANC2.F_CV","21/01/2021","92.01505"
"GE-4100.12001B","ECU1.G2-TI-MANC2.F_CV","22/01/2021","92.10747"
"GE-4100.12001B","ECU1.G2-TI-MANC2.F_CV","23/01/2021","90.79889"
"GE-4100.12001B","ECU1.G2-TI-MANC2.F_CV","24/01/2021","90.72588"
"GE-4100.12001B","ECU1.G2-TI-MANC2.F_CV","25/01/2021","90.78142"
"GE-4100.12001B","ECU1.G2-TI-MANC2.F_CV","27/01/2021","91.00435"
"GE-4100.12001B","ECU1.G2-TI-MANC2.F_CV","28/01/2021","90.2737"
"GE-4100.12001B","ECU1.G2-TI-MANC2.F_CV","29/01/2021","91.49134"
"GE-4100.12001B","ECU1.G2-TI-MANC2.F_CV","30/01/2021","92"
"GE-4100.12001B","ECU1.G2-TI-MANC2.F_CV","31/01/2021","91.35722"
"GE-4100.12001B","ECU1.G2-TI-MANC2.F_CV","01/02/2021","91.49294"
"GE-4100.12001B","ECU1.G2-TI-MANC2.F_CV","02/02/2021","91.98714"
"GE-4100.12001B","ECU1.G2-TI-MANC2.F_CV","03/02/2021","91.99421"
"GE-4100.12001B","ECU1.G2-TI-MANC2.F_CV","04/02/2021","91.99824"
"GE-4100.12001B","ECU1.G2-TI-MANC2.F_CV","05/02/2021","91.97726"
"GE-4100.12001B","ECU1.G2-TI-MANC2.F_CV","06/02/2021","91.96518"
"GE-4100.12001B","ECU1.G2-TI-MANC2.F_CV","07/02/2021","91.90008"
"GE-4100.12001B","ECU1.G2-TI-MANC2.F_CV","08/02/2021","91.99649"
"GE-4100.12001B","ECU1.G2-TI-MANC2.F_CV","09/02/2021","92"
"GE-4100.12001B","ECU1.G2-TI-MANC2.F_CV","10/02/2021","91.99301"
"GE-4100.12001B","ECU1.G2-TI-MANC2.F_CV","11/02/2021","91.8955"
"GE-4100.12001B","ECU1.G2-TI-MANC2.F_CV","12/02/2021","91.99652"
"GE-4100.12001B","ECU1.G2-TI-MANC2.F_CV","13/02/2021","91.98375"
"GE-4100.12001B","ECU1.G2-TI-MANC2.F_CV","14/02/2021","91.96167"
"GE-4100.12001B","ECU1.G2-TI-MANC2.F_CV","15/02/2021","91.91297"
"GE-4100.12001B","ECU1.G2-TI-MANC2.F_CV","16/02/2021","91.97912"
"GE-4100.12001B","ECU1.G2-TI-MANC2.F_CV","17/02/2021","91.95998"
"GE-4100.12001B","ECU1.G2-TI-MANC2.F_CV","18/02/2021","92.00436"
"GE-4100.12001B","ECU1.G2-TI-MANC2.F_CV","19/02/2021","91.99034"
"GE-4100.12001B","ECU1.G2-TI-MANC2.F_CV","20/02/2021","92"
"GE-4100.12001B","ECU1.G2-TI-MANC2.F_CV","21/02/2021","92.01314"
"GE-4100.12001B","ECU1.G2-TI-MANC2.F_CV","22/02/2021","92.0959"
"GE-4100.12001B","ECU1.G2-TI-MANC2.F_CV","23/02/2021","92.02537"
"GE-4100.12001B","ECU1.G2-TI-MANC2.F_CV","26/02/2021","92.66171"
"GE-4100.12001B","ECU1.G2-TI-MANC2.F_CV","27/02/2021","92.90706"
"GE-4100.12001B","ECU1.G2-TI-MANC2.F_CV","28/02/2021","93.00694"
"GE-4100.12001B","ECU1.G2-TI-MANC2.F_CV","01/03/2021","93.00347"
"GE-4100.12001B","ECU1.G2-TI-MANC2.F_CV","02/03/2021","92.55191"
"GE-4100.12001B","ECU1.G2-TI-MANC2.F_CV","03/03/2021","92.19747"
"GE-4100.12001B","ECU1.G2-TI-MANC2.F_CV","04/03/2021","92.38637"
"GE-4100.12001B","ECU1.G2-TI-MANC2.F_CV","05/03/2021","92.84796"
"GE-4100.12001B","ECU1.G2-TI-MANC2.F_CV","06/03/2021","93.135"
"GE-4100.12001B","ECU1.G2-TI-MANC2.F_CV","07/03/2021","92.50471"
"GE-4100.12001B","ECU1.G2-TI-MANC2.F_CV","08/03/2021","76.88148"
"GE-4100.12001B","ECU1.G2-TI-MANC2.F_CV","09/03/2021","79.3999"
"GE-4100.12001B","ECU1.G2-TI-MANC2.F_CV","10/03/2021","90.2447"
"GE-4100.12001B","ECU1.G2-TI-MANC2.F_CV","11/03/2021","90.71222"
"GE-4100.12001B","ECU1.G2-TI-MANC2.F_CV","12/03/2021","91.04524"
"GE-4100.12001B","ECU1.G2-TI-MANC2.F_CV","13/03/2021","90.99652"
"GE-4100.12001B","ECU1.G2-TI-MANC2.F_CV","14/03/2021","91"
"GE-4100.12001B","ECU1.G2-TI-MANC2.F_CV","15/03/2021","91"
"GE-4100.12001B","ECU1.G2-TI-MANC2.F_CV","16/03/2021","91"
"GE-4100.12001B","ECU1.G2-TI-MANC2.F_CV","17/03/2021","91.43014"
"GE-4100.12001B","ECU1.G2-TI-MANC2.F_CV","20/03/2021","91.02093"
"GE-4100.12001B","ECU1.G2-TI-MANC2.F_CV","21/03/2021","91.24739"
"GE-4100.12001B","ECU1.G2-TI-MANC2.F_CV","22/03/2021","91.0777"
"GE-4100.12001B","ECU1.G2-TI-MANC2.F_CV","23/03/2021","91.26043"
"GE-4100.12001B","ECU1.G2-TI-MANC2.F_CV","24/03/2021","91.55695"
"GE-4100.12001B","ECU1.G2-TI-MANC2.F_CV","25/03/2021","91.14225"
"GE-4100.12001B","ECU1.G2-TI-MANC2.F_CV","27/03/2021","91.42474"
"GE-4100.12001B","ECU1.G2-TI-MANC2.F_CV","28/03/2021","91.43668"
"GE-4100.12001B","ECU1.G2-TI-MANC2.F_CV","29/03/2021","91.05947"
"GE-4100.12001B","ECU1.G2-TI-MANC2.F_CV","30/03/2021","91.05521"
"GE-4100.12001B","ECU1.G2-TI-MANC2.F_CV","31/03/2021","91.23785"
"GE-4100.12001B","ECU1.G2-TI-MANC2.F_CV","01/04/2021","85.06081"
"GE-4100.12001B","ECU1.G2-TI-MANC2.F_CV","02/04/2021","90.785"
"GE-4100.12001B","ECU1.G2-TI-MANC2.F_CV","03/04/2021","90.93274"
"GE-4100.12001B","ECU1.G2-TI-MANC2.F_CV","04/04/2021","91.16837"
"GE-4100.12001B","ECU1.G2-TI-MANC2.F_CV","05/04/2021","91.3101"
"GE-4100.12001B","ECU1.G2-TI-MANC2.F_CV","06/04/2021","91.26391"
"GE-4100.12001B","ECU1.G2-TI-MANC2.F_CV","07/04/2021","91.22449"
"GE-4100.12001B","ECU1.G2-TI-MANC2.F_CV","08/04/2021","91.01657"
"GE-4100.12001B","ECU1.G2-TI-MANC2.F_CV","09/04/2021","91.00437"
"GE-4100.12001B","ECU1.G2-TI-MANC2.F_CV","10/04/2021","91.04353"
"GE-4100.12001B","ECU1.G2-TI-MANC2.F_CV","11/04/2021","91.14544"
"GE-4100.12001B","ECU1.G2-TI-MANC2.F_CV","12/04/2021","91.41842"
"GE-4100.12001B","ECU1.G2-TI-MANC2.F_CV","13/04/2021","91.19461"
"GE-4100.12001B","ECU1.G2-TI-MANC2.F_CV","14/04/2021","91.24386"
"GE-4100.12001B","ECU1.G2-TI-MANC2.F_CV","15/04/2021","91.00767"
"GE-4100.12001B","ECU1.G2-TI-MANC2.F_CV","16/04/2021","91.96334"
"GE-4100.12001B","ECU1.G2-TI-MANC2.F_CV","17/04/2021","91.90961"
"GE-4100.12001B","ECU1.G2-TI-MANC2.F_CV","18/04/2021","91.64866"
"GE-4100.12001B","ECU1.G2-TI-MANC2.F_CV","19/04/2021","91.63451"
"GE-4100.12001B","ECU1.G2-TI-MANC2.F_CV","20/04/2021","91.9384"
"GE-4100.12001B","ECU1.G2-TI-MANC2.F_CV","21/04/2021","91.9861"
"GE-4100.12001B","ECU1.G2-TI-MANC2.F_CV","22/04/2021","91.8618"
"GE-4100.12001B","ECU1.G2-TI-MANC2.F_CV","24/04/2021","91.86154"
"GE-4100.12001B","ECU1.G2-TI-MANC2.F_CV","25/04/2021","91.89113"
"GE-4100.12001B","ECU1.G2-TI-MANC2.F_CV","26/04/2021","91.90772"
"GE-4100.12001B","ECU1.G2-TI-MANC2.F_CV","27/04/2021","91.9458"
"GE-4100.12001B","ECU1.G2-TI-MANC2.F_CV","28/04/2021","90.21665"
"GE-4100.12001B","ECU1.G2-TI-MANC2.F_CV","29/04/2021","92.02557"
"GE-4100.12001B","ECU1.G2-TI-MANC2.F_CV","30/04/2021","91.98959"
"GE-4100.12001B","ECU1.G2-TI-MANC2.F_CV","01/05/2021","91.98606"
"GE-4100.12001B","ECU1.G2-TI-MANC2.F_CV","02/05/2021","92.00524"
"GE-4100.12001B","ECU1.G2-TI-MANC2.F_CV","03/05/2021","92"
"GE-4100.12001B","ECU1.G2-TI-MANC2.F_CV","04/05/2021","92"
"GE-4100.12001B","ECU1.G2-TI-MANC2.F_CV","05/05/2021","92.12184"
"GE-4100.12001B","ECU1.G2-TI-MANC2.F_CV","07/05/2021","92.11559"
"GE-4100.12001B","ECU1.G2-TI-MANC2.F_CV","08/05/2021","92.19578"
"GE-4100.12001B","ECU1.G2-TI-MANC2.F_CV","09/05/2021","92.1725"
"GE-4100.12001B","ECU1.G2-TI-MANC2.F_CV","10/05/2021","92.2352"
"GE-4100.12001B","ECU1.G2-TI-MANC2.F_CV","11/05/2021","92.20028"
"GE-4100.12001B","ECU1.G2-TI-MANC2.F_CV","12/05/2021","92.50763"
"GE-4100.12001B","ECU1.G2-TI-MANC2.F_CV","13/05/2021","92.54291"
"GE-4100.12001B","ECU1.G2-TI-MANC2.F_CV","14/05/2021","92.48358"
"GE-4100.12001B","ECU1.G2-TI-MANC2.F_CV","15/05/2021","93.11555"
"GE-4100.12001B","ECU1.G2-TI-MANC2.F_CV","16/05/2021","93.45454"
"GE-4100.12001B","ECU1.G2-TI-MANC2.F_CV","17/05/2021","90.72311"
"GE-4100.12001B","ECU1.G2-TI-MANC2.F_CV","18/05/2021","89.69662"
"GE-4100.12001B","ECU1.G2-TI-MANC2.F_CV","19/05/2021","90.59847"
"GE-4100.12001B","ECU1.G2-TI-MANC2.F_CV","20/05/2021","90.63845"
"GE-4100.12001B","ECU1.G2-TI-MANC2.F_CV","21/05/2021","90.8887"
"GE-4100.12001B","ECU1.G2-TI-MANC2.F_CV","22/05/2021","90.94573"
"GE-4100.12001B","ECU1.G2-TI-MANC2.F_CV","23/05/2021","90.99069"
"GE-4100.12001B","ECU1.G2-TI-MANC2.F_CV","24/05/2021","91.02094"
"GE-4100.12001B","ECU1.G2-TI-MANC2.F_CV","25/05/2021","91.41576"
"GE-4100.12001B","ECU1.G2-TI-MANC2.F_CV","26/05/2021","91.42159"
"GE-4100.12001B","ECU1.G2-TI-MANC2.F_CV","27/05/2021","91.27817"
"GE-4100.12001B","ECU1.G2-TI-MANC2.F_CV","28/05/2021","91.39551"
"GE-4100.12001B","ECU1.G2-TI-MANC2.F_CV","29/05/2021","91.40068"
"GE-4100.12001B","ECU1.G2-TI-MANC2.F_CV","30/05/2021","91.48662"
"GE-4100.12001B","ECU1.G2-TI-MANC2.F_CV","31/05/2021","91.51337"
"GE-4100.12001B","ECU1.G2-TI-MANC2.F_CV","01/06/2021","90.61172"
"GE-4100.12001B","ECU1.G2-TI-MANC2.F_CV","02/06/2021","91.99652"
"GE-4100.12001B","ECU1.G2-TI-MANC2.F_CV","03/06/2021","91.68646"
"GE-4100.12001B","ECU1.G2-TI-MANC2.F_CV","04/06/2021","91.34205"
"GE-4100.12001B","ECU1.G2-TI-MANC2.F_CV","05/06/2021","91.33504"
"GE-4100.12001B","ECU1.G2-TI-MANC2.F_CV","06/06/2021","91.42036"
"GE-4100.12001B","ECU1.G2-TI-MANC2.F_CV","07/06/2021","91.51073"
"GE-4100.12001B","ECU1.G2-TI-MANC2.F_CV","08/06/2021","91.24059"
"GE-4100.12001B","ECU1.G2-TI-MANC2.F_CV","09/06/2021","91.71016"
"GE-4100.12001B","ECU1.G2-TI-MANC2.F_CV","10/06/2021","91.7007"
"GE-4100.12001B","ECU1.G2-TI-MANC2.F_CV","11/06/2021","91.56771"
"GE-4100.12001B","ECU1.G2-TI-MANC2.F_CV","12/06/2021","91.60174"
"GE-4100.12001B","ECU1.G2-TI-MANC2.F_CV","13/06/2021","91.87993"
"GE-4100.12001B","ECU1.G2-TI-MANC2.F_CV","14/06/2021","91.89635"
"GE-4100.12001B","ECU1.G2-TI-MANC2.F_CV","15/06/2021","91.98604"
"GE-4100.12001B","ECU1.G2-TI-MANC2.F_CV","16/06/2021","91.8754"
"GE-4100.12001B","ECU1.G2-TI-MANC2.F_CV","17/06/2021","91.89212"
"GE-4100.12001B","ECU1.G2-TI-MANC2.F_CV","18/06/2021","91.90594"
"GE-4100.12001B","ECU1.G2-TI-MANC2.F_CV","19/06/2021","91.86936"
"GE-4100.12001B","ECU1.G2-TI-MANC2.F_CV","20/06/2021","91.82751"
"GE-4100.12001B","ECU1.G2-TI-MANC2.F_CV","21/06/2021","91.85148"
"GE-4100.12001B","ECU1.G2-TI-MANC2.F_CV","22/06/2021","92.06884"
"GE-4100.12001B","ECU1.G2-TI-MANC2.F_CV","23/06/2021","92.14139"
"GE-4100.12001B","ECU1.G2-TI-MANC2.F_CV","24/06/2021","91.83074"
"GE-4100.12001B","ECU1.G2-TI-MANC2.F_CV","25/06/2021","91.62634"
"GE-4100.12001B","ECU1.G2-TI-MANC2.F_CV","26/06/2021","91.6113"
"GE-4100.12001B","ECU1.G2-TI-MANC3.F_CV","28/01/2021","82.04026"
"GE-4100.12001B","ECU1.G2-TI-MANC3.F_CV","29/01/2021","90.66345"
"GE-4100.12001B","ECU1.G2-TI-MANC3.F_CV","30/01/2021","90.99997"
"GE-4100.12001B","ECU1.G2-TI-MANC3.F_CV","31/01/2021","90.26484"
"GE-4100.12001B","ECU1.G2-TI-MANC3.F_CV","01/02/2021","90.35275"
"GE-4100.12001B","ECU1.G2-TI-MANC3.F_CV","02/02/2021","90.86797"
"GE-4100.12001B","ECU1.G2-TI-MANC3.F_CV","03/02/2021","90.90339"
"GE-4100.12001B","ECU1.G2-TI-MANC3.F_CV","04/02/2021","90.9634"
"GE-4100.12001B","ECU1.G2-TI-MANC3.F_CV","05/02/2021","90.92596"
"GE-4100.12001B","ECU1.G2-TI-MANC3.F_CV","06/02/2021","90.93037"
"GE-4100.12001B","ECU1.G2-TI-MANC3.F_CV","07/02/2021","90.84411"
"GE-4100.12001B","ECU1.G2-TI-MANC3.F_CV","08/02/2021","90.93204"
"GE-4100.12001B","ECU1.G2-TI-MANC3.F_CV","09/02/2021","90.92967"
"GE-4100.12001B","ECU1.G2-TI-MANC3.F_CV","10/02/2021","90.87587"
"GE-4100.12001B","ECU1.G2-TI-MANC3.F_CV","11/02/2021","90.79639"
"GE-4100.12001B","ECU1.G2-TI-MANC3.F_CV","12/02/2021","90.94271"
"GE-4100.12001B","ECU1.G2-TI-MANC3.F_CV","13/02/2021","90.8683"
"GE-4100.12001B","ECU1.G2-TI-MANC3.F_CV","14/02/2021","90.89291"
"GE-4100.12001B","ECU1.G2-TI-MANC3.F_CV","15/02/2021","90.89462"
"GE-4100.12001B","ECU1.G2-TI-MANC3.F_CV","16/02/2021","90.91868"
"GE-4100.12001B","ECU1.G2-TI-MANC3.F_CV","17/02/2021","90.92159"
"GE-4100.12001B","ECU1.G2-TI-MANC3.F_CV","18/02/2021","90.97211"
"GE-4100.12001B","ECU1.G2-TI-MANC3.F_CV","19/02/2021","90.89429"
"GE-4100.12001B","ECU1.G2-TI-MANC3.F_CV","20/02/2021","90.74384"
"GE-4100.12001B","ECU1.G2-TI-MANC3.F_CV","21/02/2021","90.86462"
"GE-4100.12001B","ECU1.G2-TI-MANC3.F_CV","22/02/2021","91.07353"
"GE-4100.12001B","ECU1.G2-TI-MANC3.F_CV","23/02/2021","91.00699"
"GE-4100.12001B","ECU1.G2-TI-MANC3.F_CV","26/02/2021","91.38881"
"GE-4100.12001B","ECU1.G2-TI-MANC3.F_CV","27/02/2021","91.70144"
"GE-4100.12001B","ECU1.G2-TI-MANC3.F_CV","28/02/2021","91.94039"
"GE-4100.12001B","ECU1.G2-TI-MANC3.F_CV","01/03/2021","91.96165"
"GE-4100.12001B","ECU1.G2-TI-MANC3.F_CV","02/03/2021","91.34486"
"GE-4100.12001B","ECU1.G2-TI-MANC3.F_CV","03/03/2021","91.05939"
"GE-4100.12001B","ECU1.G2-TI-MANC3.F_CV","04/03/2021","91.11736"
"GE-4100.12001B","ECU1.G2-TI-MANC3.F_CV","05/03/2021","91.32755"
"GE-4100.12001B","ECU1.G2-TI-MANC3.F_CV","06/03/2021","91.73874"
"GE-4100.12001B","ECU1.G2-TI-MANC3.F_CV","07/03/2021","91.49542"
"GE-4100.12001B","ECU1.G2-TI-MANC3.F_CV","08/03/2021","75.98573"
"GE-4100.12001B","ECU1.G2-TI-MANC3.F_CV","09/03/2021","78.66828"
"GE-4100.12001B","ECU1.G2-TI-MANC3.F_CV","10/03/2021","89.1084"
"GE-4100.12001B","ECU1.G2-TI-MANC3.F_CV","11/03/2021","89.51635"
"GE-4100.12001B","ECU1.G2-TI-MANC3.F_CV","12/03/2021","89.85923"
"GE-4100.12001B","ECU1.G2-TI-MANC3.F_CV","13/03/2021","89.44597"
"GE-4100.12001B","ECU1.G2-TI-MANC3.F_CV","14/03/2021","89.57236"
"GE-4100.12001B","ECU1.G2-TI-MANC3.F_CV","15/03/2021","89.68847"
"GE-4100.12001B","ECU1.G2-TI-MANC3.F_CV","16/03/2021","89.71577"
"GE-4100.12001B","ECU1.G2-TI-MANC3.F_CV","17/03/2021","89.95347"
"GE-4100.12001B","ECU1.G2-TI-MANC3.F_CV","20/03/2021","89.92382"
"GE-4100.12001B","ECU1.G2-TI-MANC3.F_CV","21/03/2021","89.92708"
"GE-4100.12001B","ECU1.G2-TI-MANC3.F_CV","22/03/2021","89.97542"
"GE-4100.12001B","ECU1.G2-TI-MANC3.F_CV","23/03/2021","90.05343"
"GE-4100.12001B","ECU1.G2-TI-MANC3.F_CV","24/03/2021","90.24203"
"GE-4100.12001B","ECU1.G2-TI-MANC3.F_CV","25/03/2021","89.98859"
"GE-4100.12001B","ECU1.G2-TI-MANC3.F_CV","27/03/2021","90.07704"
"GE-4100.12001B","ECU1.G2-TI-MANC3.F_CV","28/03/2021","90.07779"
"GE-4100.12001B","ECU1.G2-TI-MANC3.F_CV","29/03/2021","89.9813"
"GE-4100.12001B","ECU1.G2-TI-MANC3.F_CV","30/03/2021","89.80596"
"GE-4100.12001B","ECU1.G2-TI-MANC3.F_CV","31/03/2021","90.02172"
"GE-4100.12001B","ECU1.G2-TI-MANC3.F_CV","01/04/2021","84.08096"
"GE-4100.12001B","ECU1.G2-TI-MANC3.F_CV","02/04/2021","89.45256"
"GE-4100.12001B","ECU1.G2-TI-MANC3.F_CV","03/04/2021","89.68865"
"GE-4100.12001B","ECU1.G2-TI-MANC3.F_CV","04/04/2021","90.08572"
"GE-4100.12001B","ECU1.G2-TI-MANC3.F_CV","05/04/2021","90.22642"
"GE-4100.12001B","ECU1.G2-TI-MANC3.F_CV","06/04/2021","90.09926"
"GE-4100.12001B","ECU1.G2-TI-MANC3.F_CV","07/04/2021","90.10884"
"GE-4100.12001B","ECU1.G2-TI-MANC3.F_CV","08/04/2021","90"
"GE-4100.12001B","ECU1.G2-TI-MANC3.F_CV","09/04/2021","89.97448"
"GE-4100.12001B","ECU1.G2-TI-MANC3.F_CV","10/04/2021","90"
"GE-4100.12001B","ECU1.G2-TI-MANC3.F_CV","11/04/2021","90.00348"
"GE-4100.12001B","ECU1.G2-TI-MANC3.F_CV","12/04/2021","90.27059"
"GE-4100.12001B","ECU1.G2-TI-MANC3.F_CV","13/04/2021","90.0348"
"GE-4100.12001B","ECU1.G2-TI-MANC3.F_CV","14/04/2021","90.07489"
"GE-4100.12001B","ECU1.G2-TI-MANC3.F_CV","15/04/2021","89.79841"
"GE-4100.12001B","ECU1.G2-TI-MANC3.F_CV","16/04/2021","91.08095"
"GE-4100.12001B","ECU1.G2-TI-MANC3.F_CV","17/04/2021","90.94542"
"GE-4100.12001B","ECU1.G2-TI-MANC3.F_CV","18/04/2021","90.6695"
"GE-4100.12001B","ECU1.G2-TI-MANC3.F_CV","19/04/2021","90.6306"
"GE-4100.12001B","ECU1.G2-TI-MANC3.F_CV","20/04/2021","90.97848"
"GE-4100.12001B","ECU1.G2-TI-MANC3.F_CV","21/04/2021","91.00524"
"GE-4100.12001B","ECU1.G2-TI-MANC3.F_CV","22/04/2021","90.92139"
"GE-4100.12001B","ECU1.G2-TI-MANC3.F_CV","24/04/2021","90.94072"
"GE-4100.12001B","ECU1.G2-TI-MANC3.F_CV","25/04/2021","90.94779"
"GE-4100.12001B","ECU1.G2-TI-MANC3.F_CV","26/04/2021","90.98519"
"GE-4100.12001B","ECU1.G2-TI-MANC3.F_CV","27/04/2021","90.96534"
"GE-4100.12001B","ECU1.G2-TI-MANC3.F_CV","28/04/2021","89.26872"
"GE-4100.12001B","ECU1.G2-TI-MANC3.F_CV","29/04/2021","91.08368"
"GE-4100.12001B","ECU1.G2-TI-MANC3.F_CV","30/04/2021","91.08884"
"GE-4100.12001B","ECU1.G2-TI-MANC3.F_CV","01/05/2021","90.9738"
"GE-4100.12001B","ECU1.G2-TI-MANC3.F_CV","02/05/2021","91.00525"
"GE-4100.12001B","ECU1.G2-TI-MANC3.F_CV","03/05/2021","91"
"GE-4100.12001B","ECU1.G2-TI-MANC3.F_CV","04/05/2021","91.00003"
"GE-4100.12001B","ECU1.G2-TI-MANC3.F_CV","05/05/2021","91.029"
"GE-4100.12001B","ECU1.G2-TI-MANC3.F_CV","07/05/2021","91.09113"
"GE-4100.12001B","ECU1.G2-TI-MANC3.F_CV","08/05/2021","91.32733"
"GE-4100.12001B","ECU1.G2-TI-MANC3.F_CV","09/05/2021","91.46567"
"GE-4100.12001B","ECU1.G2-TI-MANC3.F_CV","10/05/2021","91.52296"
"GE-4100.12001B","ECU1.G2-TI-MANC3.F_CV","11/05/2021","91.41495"
"GE-4100.12001B","ECU1.G2-TI-MANC3.F_CV","12/05/2021","91.7308"
"GE-4100.12001B","ECU1.G2-TI-MANC3.F_CV","13/05/2021","91.77039"
"GE-4100.12001B","ECU1.G2-TI-MANC3.F_CV","14/05/2021","91.63542"
"GE-4100.12001B","ECU1.G2-TI-MANC3.F_CV","15/05/2021","91.99939"
"GE-4100.12001B","ECU1.G2-TI-MANC3.F_CV","16/05/2021","92.05007"
"GE-4100.12001B","ECU1.G2-TI-MANC3.F_CV","17/05/2021","89.60783"
"GE-4100.12001B","ECU1.G2-TI-MANC3.F_CV","18/05/2021","88.53694"
"GE-4100.12001B","ECU1.G2-TI-MANC3.F_CV","19/05/2021","89.31158"
"GE-4100.12001B","ECU1.G2-TI-MANC3.F_CV","20/05/2021","89.37881"
"GE-4100.12001B","ECU1.G2-TI-MANC3.F_CV","21/05/2021","89.4794"
"GE-4100.12001B","ECU1.G2-TI-MANC3.F_CV","22/05/2021","89.56939"
"GE-4100.12001B","ECU1.G2-TI-MANC3.F_CV","23/05/2021","89.63504"
"GE-4100.12001B","ECU1.G2-TI-MANC3.F_CV","24/05/2021","89.67124"
"GE-4100.12001B","ECU1.G2-TI-MANC3.F_CV","25/05/2021","90.15033"
"GE-4100.12001B","ECU1.G2-TI-MANC3.F_CV","26/05/2021","90.22128"
"GE-4100.12001B","ECU1.G2-TI-MANC3.F_CV","27/05/2021","90.00699"
"GE-4100.12001B","ECU1.G2-TI-MANC3.F_CV","28/05/2021","90.17422"
"GE-4100.12001B","ECU1.G2-TI-MANC3.F_CV","29/05/2021","90.31356"
"GE-4100.12001B","ECU1.G2-TI-MANC3.F_CV","30/05/2021","90.35714"
"GE-4100.12001B","ECU1.G2-TI-MANC3.F_CV","31/05/2021","90.25904"
"GE-4100.12001B","ECU1.G2-TI-MANC3.F_CV","01/06/2021","89.4981"
"GE-4100.12001B","ECU1.G2-TI-MANC3.F_CV","02/06/2021","90.98956"
"GE-4100.12001B","ECU1.G2-TI-MANC3.F_CV","03/06/2021","90.71868"
"GE-4100.12001B","ECU1.G2-TI-MANC3.F_CV","04/06/2021","90.36551"
"GE-4100.12001B","ECU1.G2-TI-MANC3.F_CV","05/06/2021","90.29531"
"GE-4100.12001B","ECU1.G2-TI-MANC3.F_CV","06/06/2021","90.31354"
"GE-4100.12001B","ECU1.G2-TI-MANC3.F_CV","07/06/2021","90.3179"
"GE-4100.12001B","ECU1.G2-TI-MANC3.F_CV","08/06/2021","90.25872"
"GE-4100.12001B","ECU1.G2-TI-MANC3.F_CV","09/06/2021","90.33135"
"GE-4100.12001B","ECU1.G2-TI-MANC3.F_CV","10/06/2021","90.38585"
"GE-4100.12001B","ECU1.G2-TI-MANC3.F_CV","11/06/2021","90.39854"
"GE-4100.12001B","ECU1.G2-TI-MANC3.F_CV","12/06/2021","90.40391"
"GE-4100.12001B","ECU1.G2-TI-MANC3.F_CV","13/06/2021","90.50298"
"GE-4100.12001B","ECU1.G2-TI-MANC3.F_CV","14/06/2021","90.57495"
"GE-4100.12001B","ECU1.G2-TI-MANC3.F_CV","15/06/2021","90.524"
"GE-4100.12001B","ECU1.G2-TI-MANC3.F_CV","16/06/2021","90.57279"
"GE-4100.12001B","ECU1.G2-TI-MANC3.F_CV","17/06/2021","90.92467"
"GE-4100.12001B","ECU1.G2-TI-MANC3.F_CV","18/06/2021","90.89279"
"GE-4100.12001B","ECU1.G2-TI-MANC3.F_CV","19/06/2021","90.82697"
"GE-4100.12001B","ECU1.G2-TI-MANC3.F_CV","20/06/2021","90.75319"
"GE-4100.12001B","ECU1.G2-TI-MANC3.F_CV","21/06/2021","90.77178"
"GE-4100.12001B","ECU1.G2-TI-MANC3.F_CV","22/06/2021","90.97556"
"GE-4100.12001B","ECU1.G2-TI-MANC3.F_CV","23/06/2021","91.08224"
"GE-4100.12001B","ECU1.G2-TI-MANC3.F_CV","24/06/2021","90.90065"
"GE-4100.12001B","ECU1.G2-TI-MANC3.F_CV","25/06/2021","90.65095"
"GE-4100.12001B","ECU1.G2-TI-MANC3.F_CV","26/06/2021","90.58006"
"GE-4100.12001B","ECU1.G2-TI-MANC4.F_CV","04/01/2021","86.49973"
"GE-4100.12001B","ECU1.G2-TI-MANC4.F_CV","05/01/2021","86.32838"
"GE-4100.12001B","ECU1.G2-TI-MANC4.F_CV","06/01/2021","86.45554"
"GE-4100.12001B","ECU1.G2-TI-MANC4.F_CV","07/01/2021","86.21026"
"GE-4100.12001B","ECU1.G2-TI-MANC4.F_CV","08/01/2021","85.95368"
"GE-4100.12001B","ECU1.G2-TI-MANC4.F_CV","09/01/2021","85.75168"
"GE-4100.12001B","ECU1.G2-TI-MANC4.F_CV","10/01/2021","85.84148"
"GE-4100.12001B","ECU1.G2-TI-MANC4.F_CV","11/01/2021","86.34082"
"GE-4100.12001B","ECU1.G2-TI-MANC4.F_CV","12/01/2021","86.77728"
"GE-4100.12001B","ECU1.G2-TI-MANC4.F_CV","13/01/2021","86.67499"
"GE-4100.12001B","ECU1.G2-TI-MANC4.F_CV","14/01/2021","86.3183"
"GE-4100.12001B","ECU1.G2-TI-MANC4.F_CV","15/01/2021","86.29436"
"GE-4100.12001B","ECU1.G2-TI-MANC4.F_CV","16/01/2021","86.57729"
"GE-4100.12001B","ECU1.G2-TI-MANC4.F_CV","17/01/2021","86.1025"
"GE-4100.12001B","ECU1.G2-TI-MANC4.F_CV","18/01/2021","86.27034"
"GE-4100.12001B","ECU1.G2-TI-MANC4.F_CV","19/01/2021","86.40853"
"GE-4100.12001B","ECU1.G2-TI-MANC4.F_CV","20/01/2021","87.04267"
"GE-4100.12001B","ECU1.G2-TI-MANC4.F_CV","21/01/2021","87.04907"
"GE-4100.12001B","ECU1.G2-TI-MANC4.F_CV","22/01/2021","87.22116"
"GE-4100.12001B","ECU1.G2-TI-MANC4.F_CV","23/01/2021","85.7466"
"GE-4100.12001B","ECU1.G2-TI-MANC4.F_CV","24/01/2021","85.70881"
"GE-4100.12001B","ECU1.G2-TI-MANC4.F_CV","25/01/2021","85.45996"
"GE-4100.12001B","ECU1.G2-TI-MANC4.F_CV","27/01/2021","85.88604"
"GE-4100.12001B","ECU1.G2-TI-MANC4.F_CV","28/01/2021","85.40252"
"GE-4100.12001B","ECU1.G2-TI-MANC4.F_CV","29/01/2021","85.69792"
"GE-4100.12001B","ECU1.G2-TI-MANC4.F_CV","30/01/2021","86.24852"
"GE-4100.12001B","ECU1.G2-TI-MANC4.F_CV","31/01/2021","85.72147"
"GE-4100.12001B","ECU1.G2-TI-MANC4.F_CV","01/02/2021","85.56456"
"GE-4100.12001B","ECU1.G2-TI-MANC4.F_CV","02/02/2021","85.96274"
"GE-4100.12001B","ECU1.G2-TI-MANC4.F_CV","03/02/2021","85.92016"
"GE-4100.12001B","ECU1.G2-TI-MANC4.F_CV","04/02/2021","85.83411"
"GE-4100.12001B","ECU1.G2-TI-MANC4.F_CV","05/02/2021","85.6704"
"GE-4100.12001B","ECU1.G2-TI-MANC4.F_CV","06/02/2021","85.99415"
"GE-4100.12001B","ECU1.G2-TI-MANC4.F_CV","07/02/2021","85.88564"
"GE-4100.12001B","ECU1.G2-TI-MANC4.F_CV","08/02/2021","85.84272"
"GE-4100.12001B","ECU1.G2-TI-MANC4.F_CV","09/02/2021","85.54231"
"GE-4100.12001B","ECU1.G2-TI-MANC4.F_CV","10/02/2021","85.21043"
"GE-4100.12001B","ECU1.G2-TI-MANC4.F_CV","11/02/2021","85.08858"
"GE-4100.12001B","ECU1.G2-TI-MANC4.F_CV","12/02/2021","85.23597"
"GE-4100.12001B","ECU1.G2-TI-MANC4.F_CV","13/02/2021","85.54134"
"GE-4100.12001B","ECU1.G2-TI-MANC4.F_CV","14/02/2021","85.37574"
"GE-4100.12001B","ECU1.G2-TI-MANC4.F_CV","15/02/2021","85.18995"
"GE-4100.12001B","ECU1.G2-TI-MANC4.F_CV","16/02/2021","85.04915"
"GE-4100.12001B","ECU1.G2-TI-MANC4.F_CV","17/02/2021","84.97649"
"GE-4100.12001B","ECU1.G2-TI-MANC4.F_CV","18/02/2021","85.0043"
"GE-4100.12001B","ECU1.G2-TI-MANC4.F_CV","19/02/2021","85.016"
"GE-4100.12001B","ECU1.G2-TI-MANC4.F_CV","20/02/2021","85.0311"
"GE-4100.12001B","ECU1.G2-TI-MANC4.F_CV","21/02/2021","85.05027"
"GE-4100.12001B","ECU1.G2-TI-MANC4.F_CV","22/02/2021","85.08942"
"GE-4100.12001B","ECU1.G2-TI-MANC4.F_CV","23/02/2021","85.00224"
"GE-4100.12001B","ECU1.G2-TI-MANC4.F_CV","26/02/2021","85.23378"
"GE-4100.12001B","ECU1.G2-TI-MANC4.F_CV","27/02/2021","86.00694"
"GE-4100.12001B","ECU1.G2-TI-MANC4.F_CV","28/02/2021","86.22535"
"GE-4100.12001B","ECU1.G2-TI-MANC4.F_CV","01/03/2021","86.05423"
"GE-4100.12001B","ECU1.G2-TI-MANC4.F_CV","02/03/2021","85.62737"
"GE-4100.12001B","ECU1.G2-TI-MANC4.F_CV","03/03/2021","85.17407"
"GE-4100.12001B","ECU1.G2-TI-MANC4.F_CV","04/03/2021","85.2864"
"GE-4100.12001B","ECU1.G2-TI-MANC4.F_CV","05/03/2021","85.64596"
"GE-4100.12001B","ECU1.G2-TI-MANC4.F_CV","06/03/2021","87.10478"
"GE-4100.12001B","ECU1.G2-TI-MANC4.F_CV","07/03/2021","86.4786"
"GE-4100.12001B","ECU1.G2-TI-MANC4.F_CV","08/03/2021","71.06721"
"GE-4100.12001B","ECU1.G2-TI-MANC4.F_CV","09/03/2021","74.05375"
"GE-4100.12001B","ECU1.G2-TI-MANC4.F_CV","10/03/2021","84.10254"
"GE-4100.12001B","ECU1.G2-TI-MANC4.F_CV","11/03/2021","84.69228"
"GE-4100.12001B","ECU1.G2-TI-MANC4.F_CV","12/03/2021","85.2701"
"GE-4100.12001B","ECU1.G2-TI-MANC4.F_CV","13/03/2021","84.99824"
"GE-4100.12001B","ECU1.G2-TI-MANC4.F_CV","14/03/2021","85.04443"
"GE-4100.12001B","ECU1.G2-TI-MANC4.F_CV","15/03/2021","84.6924"
"GE-4100.12001B","ECU1.G2-TI-MANC4.F_CV","16/03/2021","84.37108"
"GE-4100.12001B","ECU1.G2-TI-MANC4.F_CV","17/03/2021","85.03466"
"GE-4100.12001B","ECU1.G2-TI-MANC4.F_CV","20/03/2021","84.68634"
"GE-4100.12001B","ECU1.G2-TI-MANC4.F_CV","21/03/2021","85.405"
"GE-4100.12001B","ECU1.G2-TI-MANC4.F_CV","22/03/2021","85.18783"
"GE-4100.12001B","ECU1.G2-TI-MANC4.F_CV","23/03/2021","85.28225"
"GE-4100.12001B","ECU1.G2-TI-MANC4.F_CV","24/03/2021","84.55761"
"GE-4100.12001B","ECU1.G2-TI-MANC4.F_CV","25/03/2021","85.80734"
"GE-4100.12001B","ECU1.G2-TI-MANC4.F_CV","27/03/2021","85.50796"
"GE-4100.12001B","ECU1.G2-TI-MANC4.F_CV","28/03/2021","85.85837"
"GE-4100.12001B","ECU1.G2-TI-MANC4.F_CV","29/03/2021","85.91205"
"GE-4100.12001B","ECU1.G2-TI-MANC4.F_CV","30/03/2021","85.7543"
"GE-4100.12001B","ECU1.G2-TI-MANC4.F_CV","31/03/2021","85.7753"
"GE-4100.12001B","ECU1.G2-TI-MANC4.F_CV","01/04/2021","79.68015"
"GE-4100.12001B","ECU1.G2-TI-MANC4.F_CV","02/04/2021","84.80534"
"GE-4100.12001B","ECU1.G2-TI-MANC4.F_CV","03/04/2021","85.23222"
"GE-4100.12001B","ECU1.G2-TI-MANC4.F_CV","04/04/2021","85.45621"
"GE-4100.12001B","ECU1.G2-TI-MANC4.F_CV","05/04/2021","85.40186"
"GE-4100.12001B","ECU1.G2-TI-MANC4.F_CV","06/04/2021","85.40701"
"GE-4100.12001B","ECU1.G2-TI-MANC4.F_CV","07/04/2021","85.33358"
"GE-4100.12001B","ECU1.G2-TI-MANC4.F_CV","08/04/2021","85.05229"
"GE-4100.12001B","ECU1.G2-TI-MANC4.F_CV","09/04/2021","84.97723"
"GE-4100.12001B","ECU1.G2-TI-MANC4.F_CV","10/04/2021","85.18158"
"GE-4100.12001B","ECU1.G2-TI-MANC4.F_CV","11/04/2021","85.32522"
"GE-4100.12001B","ECU1.G2-TI-MANC4.F_CV","12/04/2021","85.50609"
"GE-4100.12001B","ECU1.G2-TI-MANC4.F_CV","13/04/2021","85.17705"
"GE-4100.12001B","ECU1.G2-TI-MANC4.F_CV","14/04/2021","84.93279"
"GE-4100.12001B","ECU1.G2-TI-MANC4.F_CV","15/04/2021","84.12317"
"GE-4100.12001B","ECU1.G2-TI-MANC4.F_CV","16/04/2021","86.07019"
"GE-4100.12001B","ECU1.G2-TI-MANC4.F_CV","17/04/2021","85.9961"
"GE-4100.12001B","ECU1.G2-TI-MANC4.F_CV","18/04/2021","86.08067"
"GE-4100.12001B","ECU1.G2-TI-MANC4.F_CV","19/04/2021","85.78301"
"GE-4100.12001B","ECU1.G2-TI-MANC4.F_CV","20/04/2021","86.13928"
"GE-4100.12001B","ECU1.G2-TI-MANC4.F_CV","21/04/2021","86.06862"
"GE-4100.12001B","ECU1.G2-TI-MANC4.F_CV","22/04/2021","86.08719"
"GE-4100.12001B","ECU1.G2-TI-MANC4.F_CV","24/04/2021","86.07668"
"GE-4100.12001B","ECU1.G2-TI-MANC4.F_CV","25/04/2021","86.11459"
"GE-4100.12001B","ECU1.G2-TI-MANC4.F_CV","26/04/2021","86.062"
"GE-4100.12001B","ECU1.G2-TI-MANC4.F_CV","27/04/2021","86.01712"
"GE-4100.12001B","ECU1.G2-TI-MANC4.F_CV","28/04/2021","83.9513"
"GE-4100.12001B","ECU1.G2-TI-MANC4.F_CV","29/04/2021","85.88699"
"GE-4100.12001B","ECU1.G2-TI-MANC4.F_CV","30/04/2021","85.83686"
"GE-4100.12001B","ECU1.G2-TI-MANC4.F_CV","01/05/2021","85.64223"
"GE-4100.12001B","ECU1.G2-TI-MANC4.F_CV","02/05/2021","85.89199"
"GE-4100.12001B","ECU1.G2-TI-MANC4.F_CV","03/05/2021","85.72233"
"GE-4100.12001B","ECU1.G2-TI-MANC4.F_CV","04/05/2021","85.55573"
"GE-4100.12001B","ECU1.G2-TI-MANC4.F_CV","05/05/2021","85.63958"
"GE-4100.12001B","ECU1.G2-TI-MANC4.F_CV","07/05/2021","85.76914"
"GE-4100.12001B","ECU1.G2-TI-MANC4.F_CV","08/05/2021","86.52734"
"GE-4100.12001B","ECU1.G2-TI-MANC4.F_CV","09/05/2021","86.47181"
"GE-4100.12001B","ECU1.G2-TI-MANC4.F_CV","10/05/2021","86.59287"
"GE-4100.12001B","ECU1.G2-TI-MANC4.F_CV","11/05/2021","86.46358"
"GE-4100.12001B","ECU1.G2-TI-MANC4.F_CV","12/05/2021","86.62768"
"GE-4100.12001B","ECU1.G2-TI-MANC4.F_CV","13/05/2021","86.61208"
"GE-4100.12001B","ECU1.G2-TI-MANC4.F_CV","14/05/2021","86.84981"
"GE-4100.12001B","ECU1.G2-TI-MANC4.F_CV","15/05/2021","87.59846"
"GE-4100.12001B","ECU1.G2-TI-MANC4.F_CV","16/05/2021","87.86806"
"GE-4100.12001B","ECU1.G2-TI-MANC4.F_CV","17/05/2021","85.36926"
"GE-4100.12001B","ECU1.G2-TI-MANC4.F_CV","18/05/2021","84.25511"
"GE-4100.12001B","ECU1.G2-TI-MANC4.F_CV","19/05/2021","84.88792"
"GE-4100.12001B","ECU1.G2-TI-MANC4.F_CV","20/05/2021","85.06667"
"GE-4100.12001B","ECU1.G2-TI-MANC4.F_CV","21/05/2021","85.31082"
"GE-4100.12001B","ECU1.G2-TI-MANC4.F_CV","22/05/2021","85.24276"
"GE-4100.12001B","ECU1.G2-TI-MANC4.F_CV","23/05/2021","85.19798"
"GE-4100.12001B","ECU1.G2-TI-MANC4.F_CV","24/05/2021","85.30215"
"GE-4100.12001B","ECU1.G2-TI-MANC4.F_CV","25/05/2021","85.58862"
"GE-4100.12001B","ECU1.G2-TI-MANC4.F_CV","26/05/2021","85.74648"
"GE-4100.12001B","ECU1.G2-TI-MANC4.F_CV","27/05/2021","85.65877"
"GE-4100.12001B","ECU1.G2-TI-MANC4.F_CV","28/05/2021","86.2783"
"GE-4100.12001B","ECU1.G2-TI-MANC4.F_CV","29/05/2021","86.3275"
"GE-4100.12001B","ECU1.G2-TI-MANC4.F_CV","30/05/2021","86.19212"
"GE-4100.12001B","ECU1.G2-TI-MANC4.F_CV","31/05/2021","86.08948"
"GE-4100.12001B","ECU1.G2-TI-MANC4.F_CV","01/06/2021","85.17825"
"GE-4100.12001B","ECU1.G2-TI-MANC4.F_CV","02/06/2021","87.09685"
"GE-4100.12001B","ECU1.G2-TI-MANC4.F_CV","03/06/2021","87.41314"
"GE-4100.12001B","ECU1.G2-TI-MANC4.F_CV","04/06/2021","87.00642"
"GE-4100.12001B","ECU1.G2-TI-MANC4.F_CV","05/06/2021","86.89607"
"GE-4100.12001B","ECU1.G2-TI-MANC4.F_CV","06/06/2021","87.025"
"GE-4100.12001B","ECU1.G2-TI-MANC4.F_CV","07/06/2021","87.08297"
"GE-4100.12001B","ECU1.G2-TI-MANC4.F_CV","08/06/2021","86.9778"
"GE-4100.12001B","ECU1.G2-TI-MANC4.F_CV","09/06/2021","87.08762"
"GE-4100.12001B","ECU1.G2-TI-MANC4.F_CV","10/06/2021","86.95703"
"GE-4100.12001B","ECU1.G2-TI-MANC4.F_CV","11/06/2021","87.00789"
"GE-4100.12001B","ECU1.G2-TI-MANC4.F_CV","12/06/2021","86.99811"
"GE-4100.12001B","ECU1.G2-TI-MANC4.F_CV","13/06/2021","87.03229"
"GE-4100.12001B","ECU1.G2-TI-MANC4.F_CV","14/06/2021","87.12414"
"GE-4100.12001B","ECU1.G2-TI-MANC4.F_CV","15/06/2021","87.08254"
"GE-4100.12001B","ECU1.G2-TI-MANC4.F_CV","16/06/2021","87.02806"
"GE-4100.12001B","ECU1.G2-TI-MANC4.F_CV","17/06/2021","87.10556"
"GE-4100.12001B","ECU1.G2-TI-MANC4.F_CV","18/06/2021","86.55098"
"GE-4100.12001B","ECU1.G2-TI-MANC4.F_CV","19/06/2021","86.14032"
"GE-4100.12001B","ECU1.G2-TI-MANC4.F_CV","20/06/2021","86.24054"
"GE-4100.12001B","ECU1.G2-TI-MANC4.F_CV","21/06/2021","86.27389"
"GE-4100.12001B","ECU1.G2-TI-MANC4.F_CV","22/06/2021","86.58937"
"GE-4100.12001B","ECU1.G2-TI-MANC4.F_CV","23/06/2021","86.72258"
"GE-4100.12001B","ECU1.G2-TI-MANC4.F_CV","24/06/2021","87.42772"
"GE-4100.12001B","ECU1.G2-TI-MANC4.F_CV","25/06/2021","87.36998"
"GE-4100.12001B","ECU1.G2-TI-MANC4.F_CV","26/06/2021","87.36979"
"GE-4100.12001B","ECU1.G2-TI-MANC5.F_CV","04/01/2021","90.85086"
"GE-4100.12001B","ECU1.G2-TI-MANC5.F_CV","05/01/2021","90.94258"
"GE-4100.12001B","ECU1.G2-TI-MANC5.F_CV","06/01/2021","91.1039"
"GE-4100.12001B","ECU1.G2-TI-MANC5.F_CV","07/01/2021","90.9755"
"GE-4100.12001B","ECU1.G2-TI-MANC5.F_CV","08/01/2021","90.98897"
"GE-4100.12001B","ECU1.G2-TI-MANC5.F_CV","09/01/2021","90.83874"
"GE-4100.12001B","ECU1.G2-TI-MANC5.F_CV","10/01/2021","90.88058"
"GE-4100.12001B","ECU1.G2-TI-MANC5.F_CV","11/01/2021","90.90772"
"GE-4100.12001B","ECU1.G2-TI-MANC5.F_CV","12/01/2021","91.07452"
"GE-4100.12001B","ECU1.G2-TI-MANC5.F_CV","13/01/2021","91.00698"
"GE-4100.12001B","ECU1.G2-TI-MANC5.F_CV","14/01/2021","90.93725"
"GE-4100.12001B","ECU1.G2-TI-MANC5.F_CV","15/01/2021","90.96547"
"GE-4100.12001B","ECU1.G2-TI-MANC5.F_CV","16/01/2021","90.69455"
"GE-4100.12001B","ECU1.G2-TI-MANC5.F_CV","17/01/2021","90.25617"
"GE-4100.12001B","ECU1.G2-TI-MANC5.F_CV","18/01/2021","90.74219"
"GE-4100.12001B","ECU1.G2-TI-MANC5.F_CV","19/01/2021","90.80392"
"GE-4100.12001B","ECU1.G2-TI-MANC5.F_CV","20/01/2021","91.01682"
"GE-4100.12001B","ECU1.G2-TI-MANC5.F_CV","21/01/2021","90.97202"
"GE-4100.12001B","ECU1.G2-TI-MANC5.F_CV","22/01/2021","91.20304"
"GE-4100.12001B","ECU1.G2-TI-MANC5.F_CV","23/01/2021","89.76586"
"GE-4100.12001B","ECU1.G2-TI-MANC5.F_CV","24/01/2021","89.59525"
"GE-4100.12001B","ECU1.G2-TI-MANC5.F_CV","25/01/2021","89.77352"
"GE-4100.12001B","ECU1.G2-TI-MANC5.F_CV","27/01/2021","90"
"GE-4100.12001B","ECU1.G2-TI-MANC5.F_CV","28/01/2021","89.32714"
"GE-4100.12001B","ECU1.G2-TI-MANC5.F_CV","29/01/2021","90.4832"
"GE-4100.12001B","ECU1.G2-TI-MANC5.F_CV","30/01/2021","90.97814"
"GE-4100.12001B","ECU1.G2-TI-MANC5.F_CV","31/01/2021","90.25207"
"GE-4100.12001B","ECU1.G2-TI-MANC5.F_CV","01/02/2021","90.26833"
"GE-4100.12001B","ECU1.G2-TI-MANC5.F_CV","02/02/2021","90.64677"
"GE-4100.12001B","ECU1.G2-TI-MANC5.F_CV","03/02/2021","90.75816"
"GE-4100.12001B","ECU1.G2-TI-MANC5.F_CV","04/02/2021","90.84252"
"GE-4100.12001B","ECU1.G2-TI-MANC5.F_CV","05/02/2021","90.8434"
"GE-4100.12001B","ECU1.G2-TI-MANC5.F_CV","06/02/2021","90.82343"
"GE-4100.12001B","ECU1.G2-TI-MANC5.F_CV","07/02/2021","90.76371"
"GE-4100.12001B","ECU1.G2-TI-MANC5.F_CV","08/02/2021","90.87724"
"GE-4100.12001B","ECU1.G2-TI-MANC5.F_CV","09/02/2021","90.73388"
"GE-4100.12001B","ECU1.G2-TI-MANC5.F_CV","10/02/2021","90.62518"
"GE-4100.12001B","ECU1.G2-TI-MANC5.F_CV","11/02/2021","90.64833"
"GE-4100.12001B","ECU1.G2-TI-MANC5.F_CV","12/02/2021","90.82268"
"GE-4100.12001B","ECU1.G2-TI-MANC5.F_CV","13/02/2021","90.59482"
"GE-4100.12001B","ECU1.G2-TI-MANC5.F_CV","14/02/2021","90.69688"
"GE-4100.12001B","ECU1.G2-TI-MANC5.F_CV","15/02/2021","90.76406"
"GE-4100.12001B","ECU1.G2-TI-MANC5.F_CV","16/02/2021","90.86058"
"GE-4100.12001B","ECU1.G2-TI-MANC5.F_CV","17/02/2021","90.86584"
"GE-4100.12001B","ECU1.G2-TI-MANC5.F_CV","18/02/2021","90.9407"
"GE-4100.12001B","ECU1.G2-TI-MANC5.F_CV","19/02/2021","90.75023"
"GE-4100.12001B","ECU1.G2-TI-MANC5.F_CV","20/02/2021","90.24884"
"GE-4100.12001B","ECU1.G2-TI-MANC5.F_CV","21/02/2021","90.58452"
"GE-4100.12001B","ECU1.G2-TI-MANC5.F_CV","22/02/2021","90.92715"
"GE-4100.12001B","ECU1.G2-TI-MANC5.F_CV","23/02/2021","90.94797"
"GE-4100.12001B","ECU1.G2-TI-MANC5.F_CV","26/02/2021","91.04422"
"GE-4100.12001B","ECU1.G2-TI-MANC5.F_CV","27/02/2021","91.04562"
"GE-4100.12001B","ECU1.G2-TI-MANC5.F_CV","28/02/2021","91.39779"
"GE-4100.12001B","ECU1.G2-TI-MANC5.F_CV","01/03/2021","91.28159"
"GE-4100.12001B","ECU1.G2-TI-MANC5.F_CV","02/03/2021","90.9089"
"GE-4100.12001B","ECU1.G2-TI-MANC5.F_CV","03/03/2021","90.88091"
"GE-4100.12001B","ECU1.G2-TI-MANC5.F_CV","04/03/2021","90.90946"
"GE-4100.12001B","ECU1.G2-TI-MANC5.F_CV","05/03/2021","90.98779"
"GE-4100.12001B","ECU1.G2-TI-MANC5.F_CV","06/03/2021","91.2474"
"GE-4100.12001B","ECU1.G2-TI-MANC5.F_CV","07/03/2021","90.61686"
"GE-4100.12001B","ECU1.G2-TI-MANC5.F_CV","08/03/2021","75.89931"
"GE-4100.12001B","ECU1.G2-TI-MANC5.F_CV","09/03/2021","78.24644"
"GE-4100.12001B","ECU1.G2-TI-MANC5.F_CV","10/03/2021","88.98606"
"GE-4100.12001B","ECU1.G2-TI-MANC5.F_CV","11/03/2021","89.38111"
"GE-4100.12001B","ECU1.G2-TI-MANC5.F_CV","12/03/2021","89.70652"
"GE-4100.12001B","ECU1.G2-TI-MANC5.F_CV","13/03/2021","89.07186"
"GE-4100.12001B","ECU1.G2-TI-MANC5.F_CV","14/03/2021","89.21603"
"GE-4100.12001B","ECU1.G2-TI-MANC5.F_CV","15/03/2021","89.33269"
"GE-4100.12001B","ECU1.G2-TI-MANC5.F_CV","16/03/2021","89.37518"
"GE-4100.12001B","ECU1.G2-TI-MANC5.F_CV","17/03/2021","89.71347"
"GE-4100.12001B","ECU1.G2-TI-MANC5.F_CV","20/03/2021","89.53426"
"GE-4100.12001B","ECU1.G2-TI-MANC5.F_CV","21/03/2021","89.5942"
"GE-4100.12001B","ECU1.G2-TI-MANC5.F_CV","22/03/2021","89.56741"
"GE-4100.12001B","ECU1.G2-TI-MANC5.F_CV","23/03/2021","89.83255"
"GE-4100.12001B","ECU1.G2-TI-MANC5.F_CV","24/03/2021","89.94973"
"GE-4100.12001B","ECU1.G2-TI-MANC5.F_CV","25/03/2021","89.84703"
"GE-4100.12001B","ECU1.G2-TI-MANC5.F_CV","27/03/2021","89.91027"
"GE-4100.12001B","ECU1.G2-TI-MANC5.F_CV","28/03/2021","89.84959"
"GE-4100.12001B","ECU1.G2-TI-MANC5.F_CV","29/03/2021","89.62593"
"GE-4100.12001B","ECU1.G2-TI-MANC5.F_CV","30/03/2021","89.53279"
"GE-4100.12001B","ECU1.G2-TI-MANC5.F_CV","31/03/2021","89.53951"
"GE-4100.12001B","ECU1.G2-TI-MANC5.F_CV","01/04/2021","83.92067"
"GE-4100.12001B","ECU1.G2-TI-MANC5.F_CV","02/04/2021","89.2427"
"GE-4100.12001B","ECU1.G2-TI-MANC5.F_CV","03/04/2021","89.41034"
"GE-4100.12001B","ECU1.G2-TI-MANC5.F_CV","04/04/2021","89.80517"
"GE-4100.12001B","ECU1.G2-TI-MANC5.F_CV","05/04/2021","89.80921"
"GE-4100.12001B","ECU1.G2-TI-MANC5.F_CV","06/04/2021","89.87783"
"GE-4100.12001B","ECU1.G2-TI-MANC5.F_CV","07/04/2021","89.82696"
"GE-4100.12001B","ECU1.G2-TI-MANC5.F_CV","08/04/2021","89.94895"
"GE-4100.12001B","ECU1.G2-TI-MANC5.F_CV","09/04/2021","89.87314"
"GE-4100.12001B","ECU1.G2-TI-MANC5.F_CV","10/04/2021","89.9422"
"GE-4100.12001B","ECU1.G2-TI-MANC5.F_CV","11/04/2021","89.98955"
"GE-4100.12001B","ECU1.G2-TI-MANC5.F_CV","12/04/2021","90.06505"
"GE-4100.12001B","ECU1.G2-TI-MANC5.F_CV","13/04/2021","89.93714"
"GE-4100.12001B","ECU1.G2-TI-MANC5.F_CV","14/04/2021","89.93825"
"GE-4100.12001B","ECU1.G2-TI-MANC5.F_CV","15/04/2021","89.76084"
"GE-4100.12001B","ECU1.G2-TI-MANC5.F_CV","16/04/2021","91.15734"
"GE-4100.12001B","ECU1.G2-TI-MANC5.F_CV","17/04/2021","90.96053"
"GE-4100.12001B","ECU1.G2-TI-MANC5.F_CV","18/04/2021","90.66609"
"GE-4100.12001B","ECU1.G2-TI-MANC5.F_CV","19/04/2021","90.5796"
"GE-4100.12001B","ECU1.G2-TI-MANC5.F_CV","20/04/2021","90.98957"
"GE-4100.12001B","ECU1.G2-TI-MANC5.F_CV","21/04/2021","91.00346"
"GE-4100.12001B","ECU1.G2-TI-MANC5.F_CV","22/04/2021","90.91759"
"GE-4100.12001B","ECU1.G2-TI-MANC5.F_CV","24/04/2021","90.97383"
"GE-4100.12001B","ECU1.G2-TI-MANC5.F_CV","25/04/2021","90.93387"
"GE-4100.12001B","ECU1.G2-TI-MANC5.F_CV","26/04/2021","90.95352"
"GE-4100.12001B","ECU1.G2-TI-MANC5.F_CV","27/04/2021","90.92337"
"GE-4100.12001B","ECU1.G2-TI-MANC5.F_CV","28/04/2021","89.10847"
"GE-4100.12001B","ECU1.G2-TI-MANC5.F_CV","29/04/2021","90.97905"
"GE-4100.12001B","ECU1.G2-TI-MANC5.F_CV","30/04/2021","91.03753"
"GE-4100.12001B","ECU1.G2-TI-MANC5.F_CV","01/05/2021","90.49734"
"GE-4100.12001B","ECU1.G2-TI-MANC5.F_CV","02/05/2021","90.8353"
"GE-4100.12001B","ECU1.G2-TI-MANC5.F_CV","03/05/2021","90.94774"
"GE-4100.12001B","ECU1.G2-TI-MANC5.F_CV","04/05/2021","90.96642"
"GE-4100.12001B","ECU1.G2-TI-MANC5.F_CV","05/05/2021","90.99914"
"GE-4100.12001B","ECU1.G2-TI-MANC5.F_CV","07/05/2021","91.02349"
"GE-4100.12001B","ECU1.G2-TI-MANC5.F_CV","08/05/2021","91.16923"
"GE-4100.12001B","ECU1.G2-TI-MANC5.F_CV","09/05/2021","91.17945"
"GE-4100.12001B","ECU1.G2-TI-MANC5.F_CV","10/05/2021","91.34824"
"GE-4100.12001B","ECU1.G2-TI-MANC5.F_CV","11/05/2021","91.21181"
"GE-4100.12001B","ECU1.G2-TI-MANC5.F_CV","12/05/2021","91.39665"
"GE-4100.12001B","ECU1.G2-TI-MANC5.F_CV","13/05/2021","91.47153"
"GE-4100.12001B","ECU1.G2-TI-MANC5.F_CV","14/05/2021","91.34229"
"GE-4100.12001B","ECU1.G2-TI-MANC5.F_CV","15/05/2021","91.96952"
"GE-4100.12001B","ECU1.G2-TI-MANC5.F_CV","16/05/2021","92.01045"
"GE-4100.12001B","ECU1.G2-TI-MANC5.F_CV","17/05/2021","89.49635"
"GE-4100.12001B","ECU1.G2-TI-MANC5.F_CV","18/05/2021","88.36683"
"GE-4100.12001B","ECU1.G2-TI-MANC5.F_CV","19/05/2021","89.03388"
"GE-4100.12001B","ECU1.G2-TI-MANC5.F_CV","20/05/2021","89.06693"
"GE-4100.12001B","ECU1.G2-TI-MANC5.F_CV","21/05/2021","89.19615"
"GE-4100.12001B","ECU1.G2-TI-MANC5.F_CV","22/05/2021","89.16035"
"GE-4100.12001B","ECU1.G2-TI-MANC5.F_CV","23/05/2021","89.22724"
"GE-4100.12001B","ECU1.G2-TI-MANC5.F_CV","24/05/2021","89.33314"
"GE-4100.12001B","ECU1.G2-TI-MANC5.F_CV","25/05/2021","89.60862"
"GE-4100.12001B","ECU1.G2-TI-MANC5.F_CV","26/05/2021","89.99999"
"GE-4100.12001B","ECU1.G2-TI-MANC5.F_CV","27/05/2021","89.99133"
"GE-4100.12001B","ECU1.G2-TI-MANC5.F_CV","28/05/2021","90.03572"
"GE-4100.12001B","ECU1.G2-TI-MANC5.F_CV","29/05/2021","90.08108"
"GE-4100.12001B","ECU1.G2-TI-MANC5.F_CV","30/05/2021","90.07743"
"GE-4100.12001B","ECU1.G2-TI-MANC5.F_CV","31/05/2021","90.14024"
"GE-4100.12001B","ECU1.G2-TI-MANC5.F_CV","01/06/2021","89.52136"
"GE-4100.12001B","ECU1.G2-TI-MANC5.F_CV","02/06/2021","90.98955"
"GE-4100.12001B","ECU1.G2-TI-MANC5.F_CV","03/06/2021","90.63702"
"GE-4100.12001B","ECU1.G2-TI-MANC5.F_CV","04/06/2021","90.29752"
"GE-4100.12001B","ECU1.G2-TI-MANC5.F_CV","05/06/2021","90.23807"
"GE-4100.12001B","ECU1.G2-TI-MANC5.F_CV","06/06/2021","90.19395"
"GE-4100.12001B","ECU1.G2-TI-MANC5.F_CV","07/06/2021","90.18904"
"GE-4100.12001B","ECU1.G2-TI-MANC5.F_CV","08/06/2021","90.17285"
"GE-4100.12001B","ECU1.G2-TI-MANC5.F_CV","09/06/2021","90.20393"
"GE-4100.12001B","ECU1.G2-TI-MANC5.F_CV","10/06/2021","90.26931"
"GE-4100.12001B","ECU1.G2-TI-MANC5.F_CV","11/06/2021","90.30366"
"GE-4100.12001B","ECU1.G2-TI-MANC5.F_CV","12/06/2021","90.29235"
"GE-4100.12001B","ECU1.G2-TI-MANC5.F_CV","13/06/2021","90.30211"
"GE-4100.12001B","ECU1.G2-TI-MANC5.F_CV","14/06/2021","90.44704"
"GE-4100.12001B","ECU1.G2-TI-MANC5.F_CV","15/06/2021","90.32696"
"GE-4100.12001B","ECU1.G2-TI-MANC5.F_CV","16/06/2021","90.42477"
"GE-4100.12001B","ECU1.G2-TI-MANC5.F_CV","17/06/2021","90.80915"
"GE-4100.12001B","ECU1.G2-TI-MANC5.F_CV","18/06/2021","90.87137"
"GE-4100.12001B","ECU1.G2-TI-MANC5.F_CV","19/06/2021","90.7932"
"GE-4100.12001B","ECU1.G2-TI-MANC5.F_CV","20/06/2021","90.70939"
"GE-4100.12001B","ECU1.G2-TI-MANC5.F_CV","21/06/2021","90.80833"
"GE-4100.12001B","ECU1.G2-TI-MANC5.F_CV","22/06/2021","91.10928"
"GE-4100.12001B","ECU1.G2-TI-MANC5.F_CV","23/06/2021","91.27469"
"GE-4100.12001B","ECU1.G2-TI-MANC5.F_CV","24/06/2021","91.15704"
"GE-4100.12001B","ECU1.G2-TI-MANC5.F_CV","25/06/2021","90.97943"
"GE-4100.12001B","ECU1.G2-TI-MANC5.F_CV","26/06/2021","90.84951"
"GE-4100.12001B","ECU1.G2-TI-MANC6.F_CV","04/01/2021","89.59092"
"GE-4100.12001B","ECU1.G2-TI-MANC6.F_CV","05/01/2021","89.68349"
"GE-4100.12001B","ECU1.G2-TI-MANC6.F_CV","06/01/2021","89.96978"
"GE-4100.12001B","ECU1.G2-TI-MANC6.F_CV","07/01/2021","89.72916"
"GE-4100.12001B","ECU1.G2-TI-MANC6.F_CV","08/01/2021","89.7222"
"GE-4100.12001B","ECU1.G2-TI-MANC6.F_CV","09/01/2021","89.63703"
"GE-4100.12001B","ECU1.G2-TI-MANC6.F_CV","10/01/2021","89.66636"
"GE-4100.12001B","ECU1.G2-TI-MANC6.F_CV","11/01/2021","89.73573"
"GE-4100.12001B","ECU1.G2-TI-MANC6.F_CV","12/01/2021","89.97597"
"GE-4100.12001B","ECU1.G2-TI-MANC6.F_CV","13/01/2021","89.95643"
"GE-4100.12001B","ECU1.G2-TI-MANC6.F_CV","14/01/2021","89.84104"
"GE-4100.12001B","ECU1.G2-TI-MANC6.F_CV","15/01/2021","89.82819"
"GE-4100.12001B","ECU1.G2-TI-MANC6.F_CV","16/01/2021","89.38058"
"GE-4100.12001B","ECU1.G2-TI-MANC6.F_CV","17/01/2021","89.15941"
"GE-4100.12001B","ECU1.G2-TI-MANC6.F_CV","18/01/2021","89.53868"
"GE-4100.12001B","ECU1.G2-TI-MANC6.F_CV","19/01/2021","89.66027"
"GE-4100.12001B","ECU1.G2-TI-MANC6.F_CV","20/01/2021","89.95736"
"GE-4100.12001B","ECU1.G2-TI-MANC6.F_CV","21/01/2021","89.91319"
"GE-4100.12001B","ECU1.G2-TI-MANC6.F_CV","22/01/2021","90.09868"
"GE-4100.12001B","ECU1.G2-TI-MANC6.F_CV","23/01/2021","90.21557"
"GE-4100.12001B","ECU1.G2-TI-MANC6.F_CV","24/01/2021","90.05657"
"GE-4100.12001B","ECU1.G2-TI-MANC6.F_CV","25/01/2021","90.33467"
"GE-4100.12001B","ECU1.G2-TI-MANC6.F_CV","27/01/2021","90.60926"
"GE-4100.12001B","ECU1.G2-TI-MANC6.F_CV","28/01/2021","90.08771"
"GE-4100.12001B","ECU1.G2-TI-MANC6.F_CV","29/01/2021","91.03081"
"GE-4100.12001B","ECU1.G2-TI-MANC6.F_CV","30/01/2021","91.26333"
"GE-4100.12001B","ECU1.G2-TI-MANC6.F_CV","31/01/2021","90.94029"
"GE-4100.12001B","ECU1.G2-TI-MANC6.F_CV","01/02/2021","90.86358"
"GE-4100.12001B","ECU1.G2-TI-MANC6.F_CV","02/02/2021","91.04999"
"GE-4100.12001B","ECU1.G2-TI-MANC6.F_CV","03/02/2021","91.15378"
"GE-4100.12001B","ECU1.G2-TI-MANC6.F_CV","04/02/2021","91.12159"
"GE-4100.12001B","ECU1.G2-TI-MANC6.F_CV","05/02/2021","91.14767"
"GE-4100.12001B","ECU1.G2-TI-MANC6.F_CV","06/02/2021","91.08801"
"GE-4100.12001B","ECU1.G2-TI-MANC6.F_CV","07/02/2021","91.10628"
"GE-4100.12001B","ECU1.G2-TI-MANC6.F_CV","08/02/2021","91.16458"
"GE-4100.12001B","ECU1.G2-TI-MANC6.F_CV","09/02/2021","91.12941"
"GE-4100.12001B","ECU1.G2-TI-MANC6.F_CV","10/02/2021","91.13487"
"GE-4100.12001B","ECU1.G2-TI-MANC6.F_CV","11/02/2021","91.16989"
"GE-4100.12001B","ECU1.G2-TI-MANC6.F_CV","12/02/2021","91.27444"
"GE-4100.12001B","ECU1.G2-TI-MANC6.F_CV","13/02/2021","91.10745"
"GE-4100.12001B","ECU1.G2-TI-MANC6.F_CV","14/02/2021","91.20363"
"GE-4100.12001B","ECU1.G2-TI-MANC6.F_CV","15/02/2021","91.24299"
"GE-4100.12001B","ECU1.G2-TI-MANC6.F_CV","16/02/2021","91.46541"
"GE-4100.12001B","ECU1.G2-TI-MANC6.F_CV","17/02/2021","91.49921"
"GE-4100.12001B","ECU1.G2-TI-MANC6.F_CV","18/02/2021","91.69067"
"GE-4100.12001B","ECU1.G2-TI-MANC6.F_CV","19/02/2021","91.60585"
"GE-4100.12001B","ECU1.G2-TI-MANC6.F_CV","20/02/2021","91.13422"
"GE-4100.12001B","ECU1.G2-TI-MANC6.F_CV","21/02/2021","91.45763"
"GE-4100.12001B","ECU1.G2-TI-MANC6.F_CV","22/02/2021","91.69763"
"GE-4100.12001B","ECU1.G2-TI-MANC6.F_CV","23/02/2021","91.76792"
"GE-4100.12001B","ECU1.G2-TI-MANC6.F_CV","26/02/2021","91.92569"
"GE-4100.12001B","ECU1.G2-TI-MANC6.F_CV","27/02/2021","92"
"GE-4100.12001B","ECU1.G2-TI-MANC6.F_CV","28/02/2021","92.14368"
"GE-4100.12001B","ECU1.G2-TI-MANC6.F_CV","01/03/2021","92.05132"
"GE-4100.12001B","ECU1.G2-TI-MANC6.F_CV","02/03/2021","91.8567"
"GE-4100.12001B","ECU1.G2-TI-MANC6.F_CV","03/03/2021","91.75585"
"GE-4100.12001B","ECU1.G2-TI-MANC6.F_CV","04/03/2021","91.85143"
"GE-4100.12001B","ECU1.G2-TI-MANC6.F_CV","05/03/2021","91.95001"
"GE-4100.12001B","ECU1.G2-TI-MANC6.F_CV","06/03/2021","92.09034"
"GE-4100.12001B","ECU1.G2-TI-MANC6.F_CV","07/03/2021","91.53667"
"GE-4100.12001B","ECU1.G2-TI-MANC6.F_CV","08/03/2021","76.42853"
"GE-4100.12001B","ECU1.G2-TI-MANC6.F_CV","09/03/2021","79.36268"
"GE-4100.12001B","ECU1.G2-TI-MANC6.F_CV","10/03/2021","89.76253"
"GE-4100.12001B","ECU1.G2-TI-MANC6.F_CV","11/03/2021","90.19022"
"GE-4100.12001B","ECU1.G2-TI-MANC6.F_CV","12/03/2021","90.19718"
"GE-4100.12001B","ECU1.G2-TI-MANC6.F_CV","13/03/2021","89.99072"
"GE-4100.12001B","ECU1.G2-TI-MANC6.F_CV","14/03/2021","90.0224"
"GE-4100.12001B","ECU1.G2-TI-MANC6.F_CV","15/03/2021","90.05186"
"GE-4100.12001B","ECU1.G2-TI-MANC6.F_CV","16/03/2021","90.14228"
"GE-4100.12001B","ECU1.G2-TI-MANC6.F_CV","17/03/2021","90.33226"
"GE-4100.12001B","ECU1.G2-TI-MANC6.F_CV","20/03/2021","90.19473"
"GE-4100.12001B","ECU1.G2-TI-MANC6.F_CV","21/03/2021","90.39288"
"GE-4100.12001B","ECU1.G2-TI-MANC6.F_CV","22/03/2021","90.20028"
"GE-4100.12001B","ECU1.G2-TI-MANC6.F_CV","23/03/2021","90.45118"
"GE-4100.12001B","ECU1.G2-TI-MANC6.F_CV","24/03/2021","90.68402"
"GE-4100.12001B","ECU1.G2-TI-MANC6.F_CV","25/03/2021","90.41822"
"GE-4100.12001B","ECU1.G2-TI-MANC6.F_CV","27/03/2021","90.56207"
"GE-4100.12001B","ECU1.G2-TI-MANC6.F_CV","28/03/2021","90.66256"
"GE-4100.12001B","ECU1.G2-TI-MANC6.F_CV","29/03/2021","90.20536"
"GE-4100.12001B","ECU1.G2-TI-MANC6.F_CV","30/03/2021","90.24891"
"GE-4100.12001B","ECU1.G2-TI-MANC6.F_CV","31/03/2021","90.26891"
"GE-4100.12001B","ECU1.G2-TI-MANC6.F_CV","01/04/2021","84.76089"
"GE-4100.12001B","ECU1.G2-TI-MANC6.F_CV","02/04/2021","90.07518"
"GE-4100.12001B","ECU1.G2-TI-MANC6.F_CV","03/04/2021","90.13034"
"GE-4100.12001B","ECU1.G2-TI-MANC6.F_CV","04/04/2021","90.36994"
"GE-4100.12001B","ECU1.G2-TI-MANC6.F_CV","05/04/2021","90.39631"
"GE-4100.12001B","ECU1.G2-TI-MANC6.F_CV","06/04/2021","90.43232"
"GE-4100.12001B","ECU1.G2-TI-MANC6.F_CV","07/04/2021","90.4295"
"GE-4100.12001B","ECU1.G2-TI-MANC6.F_CV","08/04/2021","90.31708"
"GE-4100.12001B","ECU1.G2-TI-MANC6.F_CV","09/04/2021","90.3422"
"GE-4100.12001B","ECU1.G2-TI-MANC6.F_CV","10/04/2021","90.32808"
"GE-4100.12001B","ECU1.G2-TI-MANC6.F_CV","11/04/2021","90.57007"
"GE-4100.12001B","ECU1.G2-TI-MANC6.F_CV","12/04/2021","90.7143"
"GE-4100.12001B","ECU1.G2-TI-MANC6.F_CV","13/04/2021","90.47359"
"GE-4100.12001B","ECU1.G2-TI-MANC6.F_CV","14/04/2021","90.58003"
"GE-4100.12001B","ECU1.G2-TI-MANC6.F_CV","15/04/2021","90.48049"
"GE-4100.12001B","ECU1.G2-TI-MANC6.F_CV","16/04/2021","91.61581"
"GE-4100.12001B","ECU1.G2-TI-MANC6.F_CV","17/04/2021","91.28589"
"GE-4100.12001B","ECU1.G2-TI-MANC6.F_CV","18/04/2021","91.12063"
"GE-4100.12001B","ECU1.G2-TI-MANC6.F_CV","19/04/2021","90.95218"
"GE-4100.12001B","ECU1.G2-TI-MANC6.F_CV","20/04/2021","91.50509"
"GE-4100.12001B","ECU1.G2-TI-MANC6.F_CV","21/04/2021","91.46055"
"GE-4100.12001B","ECU1.G2-TI-MANC6.F_CV","22/04/2021","91.34933"
"GE-4100.12001B","ECU1.G2-TI-MANC6.F_CV","24/04/2021","91.4727"
"GE-4100.12001B","ECU1.G2-TI-MANC6.F_CV","25/04/2021","91.3255"
"GE-4100.12001B","ECU1.G2-TI-MANC6.F_CV","26/04/2021","91.3518"
"GE-4100.12001B","ECU1.G2-TI-MANC6.F_CV","27/04/2021","91.38044"
"GE-4100.12001B","ECU1.G2-TI-MANC6.F_CV","28/04/2021","89.5304"
"GE-4100.12001B","ECU1.G2-TI-MANC6.F_CV","29/04/2021","91.43232"
"GE-4100.12001B","ECU1.G2-TI-MANC6.F_CV","30/04/2021","91.52102"
"GE-4100.12001B","ECU1.G2-TI-MANC6.F_CV","01/05/2021","90.88667"
"GE-4100.12001B","ECU1.G2-TI-MANC6.F_CV","02/05/2021","91.25231"
"GE-4100.12001B","ECU1.G2-TI-MANC6.F_CV","03/05/2021","91.36922"
"GE-4100.12001B","ECU1.G2-TI-MANC6.F_CV","04/05/2021","91.44748"
"GE-4100.12001B","ECU1.G2-TI-MANC6.F_CV","05/05/2021","91.65317"
"GE-4100.12001B","ECU1.G2-TI-MANC6.F_CV","07/05/2021","91.70573"
"GE-4100.12001B","ECU1.G2-TI-MANC6.F_CV","08/05/2021","91.86816"
"GE-4100.12001B","ECU1.G2-TI-MANC6.F_CV","09/05/2021","91.93958"
"GE-4100.12001B","ECU1.G2-TI-MANC6.F_CV","10/05/2021","91.9326"
"GE-4100.12001B","ECU1.G2-TI-MANC6.F_CV","11/05/2021","91.81264"
"GE-4100.12001B","ECU1.G2-TI-MANC6.F_CV","12/05/2021","92.00348"
"GE-4100.12001B","ECU1.G2-TI-MANC6.F_CV","13/05/2021","92.00437"
"GE-4100.12001B","ECU1.G2-TI-MANC6.F_CV","14/05/2021","92.01739"
"GE-4100.12001B","ECU1.G2-TI-MANC6.F_CV","15/05/2021","92.5135"
"GE-4100.12001B","ECU1.G2-TI-MANC6.F_CV","16/05/2021","92.76934"
"GE-4100.12001B","ECU1.G2-TI-MANC6.F_CV","17/05/2021","90.32967"
"GE-4100.12001B","ECU1.G2-TI-MANC6.F_CV","18/05/2021","89.26548"
"GE-4100.12001B","ECU1.G2-TI-MANC6.F_CV","19/05/2021","89.89691"
"GE-4100.12001B","ECU1.G2-TI-MANC6.F_CV","20/05/2021","89.97259"
"GE-4100.12001B","ECU1.G2-TI-MANC6.F_CV","21/05/2021","89.99065"
"GE-4100.12001B","ECU1.G2-TI-MANC6.F_CV","22/05/2021","90.01125"
"GE-4100.12001B","ECU1.G2-TI-MANC6.F_CV","23/05/2021","90.00872"
"GE-4100.12001B","ECU1.G2-TI-MANC6.F_CV","24/05/2021","90.09492"
"GE-4100.12001B","ECU1.G2-TI-MANC6.F_CV","25/05/2021","90.49509"
"GE-4100.12001B","ECU1.G2-TI-MANC6.F_CV","26/05/2021","90.72574"
"GE-4100.12001B","ECU1.G2-TI-MANC6.F_CV","27/05/2021","90.74636"
"GE-4100.12001B","ECU1.G2-TI-MANC6.F_CV","28/05/2021","90.90206"
"GE-4100.12001B","ECU1.G2-TI-MANC6.F_CV","29/05/2021","90.76796"
"GE-4100.12001B","ECU1.G2-TI-MANC6.F_CV","30/05/2021","90.87791"
"GE-4100.12001B","ECU1.G2-TI-MANC6.F_CV","31/05/2021","90.94826"
"GE-4100.12001B","ECU1.G2-TI-MANC6.F_CV","01/06/2021","90.2512"
"GE-4100.12001B","ECU1.G2-TI-MANC6.F_CV","02/06/2021","91.49059"
"GE-4100.12001B","ECU1.G2-TI-MANC6.F_CV","03/06/2021","91.33522"
"GE-4100.12001B","ECU1.G2-TI-MANC6.F_CV","04/06/2021","91.02793"
"GE-4100.12001B","ECU1.G2-TI-MANC6.F_CV","05/06/2021","90.96342"
"GE-4100.12001B","ECU1.G2-TI-MANC6.F_CV","06/06/2021","90.99531"
"GE-4100.12001B","ECU1.G2-TI-MANC6.F_CV","07/06/2021","91.04834"
"GE-4100.12001B","ECU1.G2-TI-MANC6.F_CV","08/06/2021","90.97832"
"GE-4100.12001B","ECU1.G2-TI-MANC6.F_CV","09/06/2021","91.06982"
"GE-4100.12001B","ECU1.G2-TI-MANC6.F_CV","10/06/2021","91.06309"
"GE-4100.12001B","ECU1.G2-TI-MANC6.F_CV","11/06/2021","91.11349"
"GE-4100.12001B","ECU1.G2-TI-MANC6.F_CV","12/06/2021","91.16555"
"GE-4100.12001B","ECU1.G2-TI-MANC6.F_CV","13/06/2021","91.10813"
"GE-4100.12001B","ECU1.G2-TI-MANC6.F_CV","14/06/2021","91.19703"
"GE-4100.12001B","ECU1.G2-TI-MANC6.F_CV","15/06/2021","91.19074"
"GE-4100.12001B","ECU1.G2-TI-MANC6.F_CV","16/06/2021","91.17227"
"GE-4100.12001B","ECU1.G2-TI-MANC6.F_CV","17/06/2021","91.56246"
"GE-4100.12001B","ECU1.G2-TI-MANC6.F_CV","18/06/2021","91.5593"
"GE-4100.12001B","ECU1.G2-TI-MANC6.F_CV","19/06/2021","91.32819"
"GE-4100.12001B","ECU1.G2-TI-MANC6.F_CV","20/06/2021","91.35906"
"GE-4100.12001B","ECU1.G2-TI-MANC6.F_CV","21/06/2021","91.40689"
"GE-4100.12001B","ECU1.G2-TI-MANC6.F_CV","22/06/2021","91.71202"
"GE-4100.12001B","ECU1.G2-TI-MANC6.F_CV","23/06/2021","91.77855"
"GE-4100.12001B","ECU1.G2-TI-MANC6.F_CV","24/06/2021","91.46394"
"GE-4100.12001B","ECU1.G2-TI-MANC6.F_CV","25/06/2021","91.38518"
"GE-4100.12001B","ECU1.G2-TI-MANC6.F_CV","26/06/2021","91.4013"
"GE-4100.12001B","ECU1.G2-TI-MANC7.F_CV","04/01/2021","94.68733"
"GE-4100.12001B","ECU1.G2-TI-MANC7.F_CV","05/01/2021","94.81416"
"GE-4100.12001B","ECU1.G2-TI-MANC7.F_CV","06/01/2021","94.99885"
"GE-4100.12001B","ECU1.G2-TI-MANC7.F_CV","07/01/2021","94.76305"
"GE-4100.12001B","ECU1.G2-TI-MANC7.F_CV","08/01/2021","94.76042"
"GE-4100.12001B","ECU1.G2-TI-MANC7.F_CV","09/01/2021","94.67417"
"GE-4100.12001B","ECU1.G2-TI-MANC7.F_CV","10/01/2021","94.66813"
"GE-4100.12001B","ECU1.G2-TI-MANC7.F_CV","11/01/2021","94.74564"
"GE-4100.12001B","ECU1.G2-TI-MANC7.F_CV","12/01/2021","94.9965"
"GE-4100.12001B","ECU1.G2-TI-MANC7.F_CV","13/01/2021","94.98368"
"GE-4100.12001B","ECU1.G2-TI-MANC7.F_CV","14/01/2021","94.88333"
"GE-4100.12001B","ECU1.G2-TI-MANC7.F_CV","15/01/2021","94.85075"
"GE-4100.12001B","ECU1.G2-TI-MANC7.F_CV","16/01/2021","94.34257"
"GE-4100.12001B","ECU1.G2-TI-MANC7.F_CV","17/01/2021","94.2058"
"GE-4100.12001B","ECU1.G2-TI-MANC7.F_CV","18/01/2021","94.72179"
"GE-4100.12001B","ECU1.G2-TI-MANC7.F_CV","19/01/2021","94.76134"
"GE-4100.12001B","ECU1.G2-TI-MANC7.F_CV","20/01/2021","95"
"GE-4100.12001B","ECU1.G2-TI-MANC7.F_CV","21/01/2021","94.91347"
"GE-4100.12001B","ECU1.G2-TI-MANC7.F_CV","22/01/2021","95.05451"
"GE-4100.12001B","ECU1.G2-TI-MANC7.F_CV","23/01/2021","93.78689"
"GE-4100.12001B","ECU1.G2-TI-MANC7.F_CV","24/01/2021","93.95156"
"GE-4100.12001B","ECU1.G2-TI-MANC7.F_CV","25/01/2021","94.04037"
"GE-4100.12001B","ECU1.G2-TI-MANC7.F_CV","27/01/2021","94.01157"
"GE-4100.12001B","ECU1.G2-TI-MANC7.F_CV","28/01/2021","93.33977"
"GE-4100.12001B","ECU1.G2-TI-MANC7.F_CV","29/01/2021","94.71278"
"GE-4100.12001B","ECU1.G2-TI-MANC7.F_CV","30/01/2021","95"
"GE-4100.12001B","ECU1.G2-TI-MANC7.F_CV","31/01/2021","94.27992"
"GE-4100.12001B","ECU1.G2-TI-MANC7.F_CV","01/02/2021","94.27402"
"GE-4100.12001B","ECU1.G2-TI-MANC7.F_CV","02/02/2021","94.70386"
"GE-4100.12001B","ECU1.G2-TI-MANC7.F_CV","03/02/2021","94.75994"
"GE-4100.12001B","ECU1.G2-TI-MANC7.F_CV","04/02/2021","94.84391"
"GE-4100.12001B","ECU1.G2-TI-MANC7.F_CV","05/02/2021","94.8434"
"GE-4100.12001B","ECU1.G2-TI-MANC7.F_CV","06/02/2021","94.83067"
"GE-4100.12001B","ECU1.G2-TI-MANC7.F_CV","07/02/2021","94.78163"
"GE-4100.12001B","ECU1.G2-TI-MANC7.F_CV","08/02/2021","94.88349"
"GE-4100.12001B","ECU1.G2-TI-MANC7.F_CV","09/02/2021","94.8621"
"GE-4100.12001B","ECU1.G2-TI-MANC7.F_CV","10/02/2021","94.87706"
"GE-4100.12001B","ECU1.G2-TI-MANC7.F_CV","11/02/2021","94.80327"
"GE-4100.12001B","ECU1.G2-TI-MANC7.F_CV","12/02/2021","94.90973"
"GE-4100.12001B","ECU1.G2-TI-MANC7.F_CV","13/02/2021","94.86211"
"GE-4100.12001B","ECU1.G2-TI-MANC7.F_CV","14/02/2021","94.92216"
"GE-4100.12001B","ECU1.G2-TI-MANC7.F_CV","15/02/2021","94.89198"
"GE-4100.12001B","ECU1.G2-TI-MANC7.F_CV","16/02/2021","94.92129"
"GE-4100.12001B","ECU1.G2-TI-MANC7.F_CV","17/02/2021","94.91898"
"GE-4100.12001B","ECU1.G2-TI-MANC7.F_CV","18/02/2021","94.9742"
"GE-4100.12001B","ECU1.G2-TI-MANC7.F_CV","19/02/2021","94.9634"
"GE-4100.12001B","ECU1.G2-TI-MANC7.F_CV","20/02/2021","95"
"GE-4100.12001B","ECU1.G2-TI-MANC7.F_CV","21/02/2021","94.92251"
"GE-4100.12001B","ECU1.G2-TI-MANC7.F_CV","22/02/2021","94.99054"
"GE-4100.12001B","ECU1.G2-TI-MANC7.F_CV","23/02/2021","95.01252"
"GE-4100.12001B","ECU1.G2-TI-MANC7.F_CV","26/02/2021","95.82612"
"GE-4100.12001B","ECU1.G2-TI-MANC7.F_CV","27/02/2021","96"
"GE-4100.12001B","ECU1.G2-TI-MANC7.F_CV","28/02/2021","96.05567"
"GE-4100.12001B","ECU1.G2-TI-MANC7.F_CV","01/03/2021","96.00699"
"GE-4100.12001B","ECU1.G2-TI-MANC7.F_CV","02/03/2021","95.97907"
"GE-4100.12001B","ECU1.G2-TI-MANC7.F_CV","03/03/2021","95.99073"
"GE-4100.12001B","ECU1.G2-TI-MANC7.F_CV","04/03/2021","95.99997"
"GE-4100.12001B","ECU1.G2-TI-MANC7.F_CV","05/03/2021","96.02318"
"GE-4100.12001B","ECU1.G2-TI-MANC7.F_CV","06/03/2021","96.37744"
"GE-4100.12001B","ECU1.G2-TI-MANC7.F_CV","07/03/2021","95.93578"
"GE-4100.12001B","ECU1.G2-TI-MANC7.F_CV","08/03/2021","78.65404"
"GE-4100.12001B","ECU1.G2-TI-MANC7.F_CV","09/03/2021","82.36296"
"GE-4100.12001B","ECU1.G2-TI-MANC7.F_CV","10/03/2021","93.10051"
"GE-4100.12001B","ECU1.G2-TI-MANC7.F_CV","11/03/2021","93.5114"
"GE-4100.12001B","ECU1.G2-TI-MANC7.F_CV","12/03/2021","93.92592"
"GE-4100.12001B","ECU1.G2-TI-MANC7.F_CV","13/03/2021","93.75576"
"GE-4100.12001B","ECU1.G2-TI-MANC7.F_CV","14/03/2021","93.88181"
"GE-4100.12001B","ECU1.G2-TI-MANC7.F_CV","15/03/2021","93.96008"
"GE-4100.12001B","ECU1.G2-TI-MANC7.F_CV","16/03/2021","93.93554"
"GE-4100.12001B","ECU1.G2-TI-MANC7.F_CV","17/03/2021","93.72058"
"GE-4100.12001B","ECU1.G2-TI-MANC7.F_CV","20/03/2021","93.98695"
"GE-4100.12001B","ECU1.G2-TI-MANC7.F_CV","21/03/2021","93.99479"
"GE-4100.12001B","ECU1.G2-TI-MANC7.F_CV","22/03/2021","94"
"GE-4100.12001B","ECU1.G2-TI-MANC7.F_CV","23/03/2021","93.97125"
"GE-4100.12001B","ECU1.G2-TI-MANC7.F_CV","24/03/2021","94.28751"
"GE-4100.12001B","ECU1.G2-TI-MANC7.F_CV","25/03/2021","93.99992"
"GE-4100.12001B","ECU1.G2-TI-MANC7.F_CV","27/03/2021","94.15057"
"GE-4100.12001B","ECU1.G2-TI-MANC7.F_CV","28/03/2021","94.2566"
"GE-4100.12001B","ECU1.G2-TI-MANC7.F_CV","29/03/2021","94.01683"
"GE-4100.12001B","ECU1.G2-TI-MANC7.F_CV","30/03/2021","94.01741"
"GE-4100.12001B","ECU1.G2-TI-MANC7.F_CV","31/03/2021","94.18605"
"GE-4100.12001B","ECU1.G2-TI-MANC7.F_CV","01/04/2021","88.17471"
"GE-4100.12001B","ECU1.G2-TI-MANC7.F_CV","02/04/2021","93.84149"
"GE-4100.12001B","ECU1.G2-TI-MANC7.F_CV","03/04/2021","93.98783"
"GE-4100.12001B","ECU1.G2-TI-MANC7.F_CV","04/04/2021","94.13242"
"GE-4100.12001B","ECU1.G2-TI-MANC7.F_CV","05/04/2021","94.23322"
"GE-4100.12001B","ECU1.G2-TI-MANC7.F_CV","06/04/2021","94.11303"
"GE-4100.12001B","ECU1.G2-TI-MANC7.F_CV","07/04/2021","94.15651"
"GE-4100.12001B","ECU1.G2-TI-MANC7.F_CV","08/04/2021","94"
"GE-4100.12001B","ECU1.G2-TI-MANC7.F_CV","09/04/2021","93.99654"
"GE-4100.12001B","ECU1.G2-TI-MANC7.F_CV","10/04/2021","94.00348"
"GE-4100.12001B","ECU1.G2-TI-MANC7.F_CV","11/04/2021","94.0194"
"GE-4100.12001B","ECU1.G2-TI-MANC7.F_CV","12/04/2021","94.30517"
"GE-4100.12001B","ECU1.G2-TI-MANC7.F_CV","13/04/2021","94.0807"
"GE-4100.12001B","ECU1.G2-TI-MANC7.F_CV","14/04/2021","94.1175"
"GE-4100.12001B","ECU1.G2-TI-MANC7.F_CV","15/04/2021","93.79825"
"GE-4100.12001B","ECU1.G2-TI-MANC7.F_CV","16/04/2021","94.54467"
"GE-4100.12001B","ECU1.G2-TI-MANC7.F_CV","17/04/2021","94.18456"
"GE-4100.12001B","ECU1.G2-TI-MANC7.F_CV","18/04/2021","94.12681"
"GE-4100.12001B","ECU1.G2-TI-MANC7.F_CV","19/04/2021","93.98314"
"GE-4100.12001B","ECU1.G2-TI-MANC7.F_CV","20/04/2021","94.59708"
"GE-4100.12001B","ECU1.G2-TI-MANC7.F_CV","21/04/2021","94.47455"
"GE-4100.12001B","ECU1.G2-TI-MANC7.F_CV","22/04/2021","94.38119"
"GE-4100.12001B","ECU1.G2-TI-MANC7.F_CV","24/04/2021","94.50601"
"GE-4100.12001B","ECU1.G2-TI-MANC7.F_CV","25/04/2021","94.44894"
"GE-4100.12001B","ECU1.G2-TI-MANC7.F_CV","26/04/2021","94.45435"
"GE-4100.12001B","ECU1.G2-TI-MANC7.F_CV","27/04/2021","94.59645"
"GE-4100.12001B","ECU1.G2-TI-MANC7.F_CV","28/04/2021","92.61946"
"GE-4100.12001B","ECU1.G2-TI-MANC7.F_CV","29/04/2021","94.73453"
"GE-4100.12001B","ECU1.G2-TI-MANC7.F_CV","30/04/2021","94.82731"
"GE-4100.12001B","ECU1.G2-TI-MANC7.F_CV","01/05/2021","94.42317"
"GE-4100.12001B","ECU1.G2-TI-MANC7.F_CV","02/05/2021","94.87167"
"GE-4100.12001B","ECU1.G2-TI-MANC7.F_CV","03/05/2021","94.98254"
"GE-4100.12001B","ECU1.G2-TI-MANC7.F_CV","04/05/2021","94.99421"
"GE-4100.12001B","ECU1.G2-TI-MANC7.F_CV","05/05/2021","95"
"GE-4100.12001B","ECU1.G2-TI-MANC7.F_CV","07/05/2021","95.02321"
"GE-4100.12001B","ECU1.G2-TI-MANC7.F_CV","08/05/2021","95.0981"
"GE-4100.12001B","ECU1.G2-TI-MANC7.F_CV","09/05/2021","95.01392"
"GE-4100.12001B","ECU1.G2-TI-MANC7.F_CV","10/05/2021","95.07345"
"GE-4100.12001B","ECU1.G2-TI-MANC7.F_CV","11/05/2021","95.04347"
"GE-4100.12001B","ECU1.G2-TI-MANC7.F_CV","12/05/2021","95.27057"
"GE-4100.12001B","ECU1.G2-TI-MANC7.F_CV","13/05/2021","95.34091"
"GE-4100.12001B","ECU1.G2-TI-MANC7.F_CV","14/05/2021","95.42806"
"GE-4100.12001B","ECU1.G2-TI-MANC7.F_CV","15/05/2021","96.00238"
"GE-4100.12001B","ECU1.G2-TI-MANC7.F_CV","16/05/2021","96.10101"
"GE-4100.12001B","ECU1.G2-TI-MANC7.F_CV","17/05/2021","93.67318"
"GE-4100.12001B","ECU1.G2-TI-MANC7.F_CV","18/05/2021","92.79747"
"GE-4100.12001B","ECU1.G2-TI-MANC7.F_CV","19/05/2021","93.62634"
"GE-4100.12001B","ECU1.G2-TI-MANC7.F_CV","20/05/2021","93.43789"
"GE-4100.12001B","ECU1.G2-TI-MANC7.F_CV","21/05/2021","93.59927"
"GE-4100.12001B","ECU1.G2-TI-MANC7.F_CV","22/05/2021","93.71448"
"GE-4100.12001B","ECU1.G2-TI-MANC7.F_CV","23/05/2021","93.77971"
"GE-4100.12001B","ECU1.G2-TI-MANC7.F_CV","24/05/2021","93.88586"
"GE-4100.12001B","ECU1.G2-TI-MANC7.F_CV","25/05/2021","93.9789"
"GE-4100.12001B","ECU1.G2-TI-MANC7.F_CV","26/05/2021","94.00435"
"GE-4100.12001B","ECU1.G2-TI-MANC7.F_CV","27/05/2021","93.99997"
"GE-4100.12001B","ECU1.G2-TI-MANC7.F_CV","28/05/2021","94.03856"
"GE-4100.12001B","ECU1.G2-TI-MANC7.F_CV","29/05/2021","94.07613"
"GE-4100.12001B","ECU1.G2-TI-MANC7.F_CV","30/05/2021","94.08944"
"GE-4100.12001B","ECU1.G2-TI-MANC7.F_CV","31/05/2021","94.14628"
"GE-4100.12001B","ECU1.G2-TI-MANC7.F_CV","01/06/2021","93.10167"
"GE-4100.12001B","ECU1.G2-TI-MANC7.F_CV","02/06/2021","94.4269"
"GE-4100.12001B","ECU1.G2-TI-MANC7.F_CV","03/06/2021","94.31761"
"GE-4100.12001B","ECU1.G2-TI-MANC7.F_CV","04/06/2021","94"
"GE-4100.12001B","ECU1.G2-TI-MANC7.F_CV","05/06/2021","93.92568"
"GE-4100.12001B","ECU1.G2-TI-MANC7.F_CV","06/06/2021","93.97873"
"GE-4100.12001B","ECU1.G2-TI-MANC7.F_CV","07/06/2021","94.00352"
"GE-4100.12001B","ECU1.G2-TI-MANC7.F_CV","08/06/2021","93.91732"
"GE-4100.12001B","ECU1.G2-TI-MANC7.F_CV","09/06/2021","94.00263"
"GE-4100.12001B","ECU1.G2-TI-MANC7.F_CV","10/06/2021","93.97642"
"GE-4100.12001B","ECU1.G2-TI-MANC7.F_CV","11/06/2021","94.00899"
"GE-4100.12001B","ECU1.G2-TI-MANC7.F_CV","12/06/2021","93.99654"
"GE-4100.12001B","ECU1.G2-TI-MANC7.F_CV","13/06/2021","94.01634"
"GE-4100.12001B","ECU1.G2-TI-MANC7.F_CV","14/06/2021","94.05222"
"GE-4100.12001B","ECU1.G2-TI-MANC7.F_CV","15/06/2021","94.0656"
"GE-4100.12001B","ECU1.G2-TI-MANC7.F_CV","16/06/2021","94.0302"
"GE-4100.12001B","ECU1.G2-TI-MANC7.F_CV","17/06/2021","94.14808"
"GE-4100.12001B","ECU1.G2-TI-MANC7.F_CV","18/06/2021","94.05867"
"GE-4100.12001B","ECU1.G2-TI-MANC7.F_CV","19/06/2021","94.03918"
"GE-4100.12001B","ECU1.G2-TI-MANC7.F_CV","20/06/2021","94.02523"
"GE-4100.12001B","ECU1.G2-TI-MANC7.F_CV","21/06/2021","94.06045"
"GE-4100.12001B","ECU1.G2-TI-MANC7.F_CV","22/06/2021","94.17541"
"GE-4100.12001B","ECU1.G2-TI-MANC7.F_CV","23/06/2021","94.34639"
"GE-4100.12001B","ECU1.G2-TI-MANC7.F_CV","24/06/2021","94.17419"
"GE-4100.12001B","ECU1.G2-TI-MANC7.F_CV","25/06/2021","94.08371"
"GE-4100.12001B","ECU1.G2-TI-MANC7.F_CV","26/06/2021","94.19318"
